payment_id,subscription_id,payment_date,amount,payment_status,payment_method
PAY_500001,SUB_30000,2025-09-16,499.0,refunded,CREDIT_CARD
PAY_500002,SUB_30001,2025-10-13,79.0,paid,STRIPE
PAY_500003,SUB_30002,2025-03-24,499.0,failed,ACH
PAY_500004,SUB_30002,2025-04-23,499.0,failed,PAYPAL
PAY_500005,SUB_30002,2025-05-21,499.0,failed,CREDIT_CARD
PAY_500006,SUB_30003,2025-12-03,499.0,refunded,CREDIT_CARD
PAY_500007,SUB_30004,2025-01-31,499.0,paid,PAYPAL
PAY_500008,SUB_30005,2025-04-28,79.0,paid,ACH
PAY_500009,SUB_30005,2025-05-28,79.0,PAID,PAYPAL
PAY_500010,SUB_30005,2025-06-29,79.0,failed,PAYPAL
PAY_500011,SUB_30005,2025-07-29,79.0,failed,PAYPAL
PAY_500012,SUB_30006,2025-01-31,29.0,paid,PAYPAL
PAY_500013,SUB_30007,2025-05-14,499.0,PAID,PAYPAL
PAY_500014,SUB_30007,2025-06-10,499.0,paid,PAYPAL
PAY_500015,SUB_30007,2025-07-12,499.0,PAID,STRIPE
PAY_500016,SUB_30007,2025-08-10,499.0,PAID,STRIPE
PAY_500017,SUB_30008,2025-07-28,499.0,refunded,ACH
PAY_500018,SUB_30009,2025-01-29,29.0,PAID,ACH
PAY_500019,SUB_30009,2025-02-28,29.0,failed,PAYPAL
PAY_500020,SUB_30009,2025-03-29,29.0,PAID,PAYPAL
PAY_500021,SUB_30009,2025-05-01,29.0,paid,PAYPAL
PAY_500022,SUB_30010,2025-09-11,499.0,failed,ACH
PAY_500023,SUB_30010,2025-10-09,499.0,PAID,STRIPE
PAY_500024,SUB_30010,2025-11-10,499.0,failed,STRIPE
PAY_500025,SUB_30011,2025-09-23,79.0,failed,ACH
PAY_500026,SUB_30012,2025-04-09,79.0,failed,PAYPAL
PAY_500027,SUB_30012,2025-05-10,79.0,PAID,STRIPE
PAY_500028,SUB_30012,2025-06-06,79.0,paid,STRIPE
PAY_500029,SUB_30013,2025-05-17,499.0,paid,PAYPAL
PAY_500030,SUB_30013,2025-06-16,499.0,failed,ACH
PAY_500031,SUB_30014,2025-04-24,79.0,refunded,STRIPE
PAY_500032,SUB_30014,2025-05-27,79.0,failed,CREDIT_CARD
PAY_500033,SUB_30014,2025-06-24,79.0,paid,PAYPAL
PAY_500034,SUB_30015,2025-11-01,499.0,paid,ACH
PAY_500035,SUB_30015,2025-12-04,499.0,failed,ACH
PAY_500036,SUB_30015,2026-01-03,499.0,refunded,STRIPE
PAY_500037,SUB_30016,2025-10-24,79.0,PAID,PAYPAL
PAY_500038,SUB_30017,2025-01-27,79.0,paid,ACH
PAY_500039,SUB_30018,2025-11-25,499.0,failed,ACH
PAY_500040,SUB_30019,2025-04-25,79.0,failed,ACH
PAY_500041,SUB_30019,2025-05-27,79.0,PAID,STRIPE
PAY_500042,SUB_30019,2025-06-23,79.0,failed,ACH
PAY_500043,SUB_30020,2025-11-15,499.0,refunded,ACH
PAY_500044,SUB_30020,2025-12-17,499.0,refunded,PAYPAL
PAY_500045,SUB_30020,2026-01-15,499.0,failed,PAYPAL
PAY_500046,SUB_30020,2026-02-14,499.0,PAID,CREDIT_CARD
PAY_500047,SUB_30021,2025-01-22,29.0,PAID,STRIPE
PAY_500048,SUB_30021,2025-02-19,29.0,failed,STRIPE
PAY_500049,SUB_30021,2025-03-20,29.0,refunded,CREDIT_CARD
PAY_500050,SUB_30021,2025-04-22,29.0,refunded,ACH
PAY_500051,SUB_30022,2025-09-10,79.0,PAID,PAYPAL
PAY_500052,SUB_30023,2025-07-25,79.0,paid,CREDIT_CARD
PAY_500053,SUB_30024,2025-05-01,29.0,paid,CREDIT_CARD
PAY_500054,SUB_30025,2025-02-19,79.0,refunded,ACH
PAY_500055,SUB_30026,2025-05-30,79.0,paid,ACH
PAY_500056,SUB_30026,2025-06-28,79.0,refunded,PAYPAL
PAY_500057,SUB_30026,2025-07-29,79.0,failed,STRIPE
PAY_500058,SUB_30027,2026-01-01,79.0,PAID,PAYPAL
PAY_500059,SUB_30027,2026-01-29,79.0,PAID,CREDIT_CARD
PAY_500060,SUB_30028,2025-12-20,79.0,failed,ACH
PAY_500061,SUB_30029,2025-11-26,79.0,failed,CREDIT_CARD
PAY_500062,SUB_30029,2025-12-23,79.0,PAID,PAYPAL
PAY_500063,SUB_30030,2025-09-12,79.0,refunded,ACH
PAY_500064,SUB_30031,2025-10-25,79.0,refunded,STRIPE
PAY_500065,SUB_30031,2025-11-27,79.0,failed,PAYPAL
PAY_500066,SUB_30031,2025-12-27,79.0,paid,ACH
PAY_500067,SUB_30031,2026-01-26,79.0,refunded,CREDIT_CARD
PAY_500068,SUB_30032,2025-09-08,79.0,paid,ACH
PAY_500069,SUB_30032,2025-10-05,79.0,PAID,ACH
PAY_500070,SUB_30033,2025-01-06,79.0,PAID,CREDIT_CARD
PAY_500071,SUB_30033,2025-02-07,79.0,PAID,PAYPAL
PAY_500072,SUB_30033,2025-03-08,79.0,refunded,ACH
PAY_500073,SUB_30034,2025-10-24,499.0,PAID,PAYPAL
PAY_500074,SUB_30034,2025-11-20,499.0,paid,CREDIT_CARD
PAY_500075,SUB_30034,2025-12-20,499.0,paid,PAYPAL
PAY_500076,SUB_30035,2025-05-20,29.0,PAID,CREDIT_CARD
PAY_500077,SUB_30036,2025-06-03,79.0,refunded,PAYPAL
PAY_500078,SUB_30037,2025-02-24,29.0,refunded,PAYPAL
PAY_500079,SUB_30038,2025-08-18,29.0,paid,CREDIT_CARD
PAY_500080,SUB_30039,2025-10-24,499.0,PAID,PAYPAL
PAY_500081,SUB_30040,2025-08-06,79.0,failed,CREDIT_CARD
PAY_500082,SUB_30040,2025-09-05,79.0,refunded,STRIPE
PAY_500083,SUB_30041,2025-06-13,499.0,paid,CREDIT_CARD
PAY_500084,SUB_30042,2025-11-13,79.0,PAID,CREDIT_CARD
PAY_500085,SUB_30042,2025-12-13,79.0,paid,PAYPAL
PAY_500086,SUB_30042,2026-01-11,79.0,PAID,CREDIT_CARD
PAY_500087,SUB_30043,2025-09-22,79.0,failed,CREDIT_CARD
PAY_500088,SUB_30044,2025-03-16,499.0,refunded,ACH
PAY_500089,SUB_30044,2025-04-17,499.0,paid,CREDIT_CARD
PAY_500090,SUB_30045,2025-10-23,79.0,refunded,CREDIT_CARD
PAY_500091,SUB_30045,2025-11-22,79.0,PAID,STRIPE
PAY_500092,SUB_30046,2025-10-20,499.0,paid,CREDIT_CARD
PAY_500093,SUB_30046,2025-11-17,499.0,PAID,CREDIT_CARD
PAY_500094,SUB_30046,2025-12-17,499.0,refunded,ACH
PAY_500095,SUB_30047,2025-04-13,29.0,failed,ACH
PAY_500096,SUB_30048,2025-03-01,29.0,failed,STRIPE
PAY_500097,SUB_30049,2025-01-24,79.0,refunded,PAYPAL
PAY_500098,SUB_30049,2025-02-23,79.0,paid,CREDIT_CARD
PAY_500099,SUB_30050,2025-03-24,499.0,paid,STRIPE
PAY_500100,SUB_30050,2025-04-23,499.0,paid,PAYPAL
PAY_500101,SUB_30050,2025-05-22,499.0,PAID,STRIPE
PAY_500102,SUB_30051,2025-03-22,29.0,failed,STRIPE
PAY_500103,SUB_30051,2025-04-19,29.0,refunded,ACH
PAY_500104,SUB_30052,2025-05-22,29.0,paid,ACH
PAY_500105,SUB_30052,2025-06-23,29.0,paid,STRIPE
PAY_500106,SUB_30052,2025-07-23,29.0,failed,ACH
PAY_500107,SUB_30053,2025-09-14,79.0,failed,STRIPE
PAY_500108,SUB_30053,2025-10-12,79.0,failed,STRIPE
PAY_500109,SUB_30053,2025-11-11,79.0,PAID,CREDIT_CARD
PAY_500110,SUB_30054,2025-01-17,79.0,failed,ACH
PAY_500111,SUB_30054,2025-02-16,79.0,paid,STRIPE
PAY_500112,SUB_30055,2025-10-20,29.0,paid,ACH
PAY_500113,SUB_30055,2025-11-18,29.0,PAID,CREDIT_CARD
PAY_500114,SUB_30055,2025-12-18,29.0,paid,ACH
PAY_500115,SUB_30056,2025-07-16,499.0,refunded,ACH
PAY_500116,SUB_30056,2025-08-14,-499.0,paid,CREDIT_CARD
PAY_500117,SUB_30057,2025-10-09,79.0,paid,PAYPAL
PAY_500118,SUB_30058,2025-11-15,79.0,failed,ACH
PAY_500119,SUB_30058,2025-12-16,79.0,PAID,PAYPAL
PAY_500120,SUB_30059,2025-06-18,79.0,paid,CREDIT_CARD
PAY_500121,SUB_30059,2025-07-15,79.0,failed,CREDIT_CARD
PAY_500122,SUB_30060,2025-10-18,79.0,refunded,ACH
PAY_500123,SUB_30061,2025-08-01,79.0,PAID,STRIPE
PAY_500124,SUB_30061,2025-09-03,79.0,failed,STRIPE
PAY_500125,SUB_30061,2025-09-30,79.0,refunded,CREDIT_CARD
PAY_500126,SUB_30062,2025-06-14,29.0,failed,ACH
PAY_500127,SUB_30063,2025-03-08,29.0,refunded,ACH
PAY_500128,SUB_30063,2025-04-09,29.0,failed,ACH
PAY_500129,SUB_30064,2025-11-19,79.0,refunded,STRIPE
PAY_500130,SUB_30065,2025-02-16,79.0,paid,PAYPAL
PAY_500131,SUB_30065,2025-03-16,79.0,PAID,PAYPAL
PAY_500132,SUB_30065,2025-04-15,79.0,refunded,CREDIT_CARD
PAY_500133,SUB_30066,2025-12-02,499.0,PAID,ACH
PAY_500134,SUB_30067,2025-09-15,79.0,paid,ACH
PAY_500135,SUB_30067,2025-10-15,79.0,PAID,ACH
PAY_500136,SUB_30067,2025-11-14,79.0,PAID,CREDIT_CARD
PAY_500137,SUB_30067,2025-12-14,79.0,failed,STRIPE
PAY_500138,SUB_30068,2025-11-05,29.0,failed,STRIPE
PAY_500139,SUB_30068,2025-12-07,29.0,failed,STRIPE
PAY_500140,SUB_30068,2026-01-04,29.0,failed,ACH
PAY_500141,SUB_30068,2026-02-06,29.0,paid,PAYPAL
PAY_500142,SUB_30069,2025-04-26,29.0,paid,ACH
PAY_500143,SUB_30069,2025-05-25,29.0,failed,PAYPAL
PAY_500144,SUB_30070,2025-07-12,29.0,refunded,STRIPE
PAY_500145,SUB_30070,2025-08-08,29.0,refunded,PAYPAL
PAY_500146,SUB_30071,2025-03-10,499.0,refunded,ACH
PAY_500147,SUB_30071,2025-04-11,499.0,PAID,STRIPE
PAY_500148,SUB_30071,2025-05-10,499.0,failed,PAYPAL
PAY_500149,SUB_30071,2025-06-11,499.0,PAID,CREDIT_CARD
PAY_500150,SUB_30072,2025-01-23,29.0,failed,ACH
PAY_500151,SUB_30072,2025-02-24,29.0,failed,PAYPAL
PAY_500152,SUB_30072,2025-03-23,29.0,failed,CREDIT_CARD
PAY_500153,SUB_30072,2025-04-25,29.0,PAID,PAYPAL
PAY_500154,SUB_30073,2025-01-04,499.0,failed,PAYPAL
PAY_500155,SUB_30073,2025-02-05,499.0,failed,PAYPAL
PAY_500156,SUB_30074,2025-04-02,499.0,refunded,ACH
PAY_500157,SUB_30074,2025-05-05,499.0,paid,ACH
PAY_500158,SUB_30075,2025-03-13,79.0,refunded,CREDIT_CARD
PAY_500159,SUB_30075,2025-04-12,79.0,refunded,CREDIT_CARD
PAY_500160,SUB_30076,2025-11-10,29.0,failed,CREDIT_CARD
PAY_500161,SUB_30076,2025-12-10,29.0,paid,ACH
PAY_500162,SUB_30076,2026-01-12,29.0,PAID,CREDIT_CARD
PAY_500163,SUB_30077,2025-09-29,79.0,failed,PAYPAL
PAY_500164,SUB_30078,2025-12-26,79.0,PAID,STRIPE
PAY_500165,SUB_30078,2026-01-25,79.0,failed,PAYPAL
PAY_500166,SUB_30078,2026-02-25,79.0,failed,CREDIT_CARD
PAY_500167,SUB_30079,2026-01-02,499.0,paid,PAYPAL
PAY_500168,SUB_30079,2026-02-03,499.0,failed,STRIPE
PAY_500169,SUB_30080,2025-09-10,79.0,paid,ACH
PAY_500170,SUB_30080,2025-10-07,79.0,failed,CREDIT_CARD
PAY_500171,SUB_30080,2025-11-06,79.0,paid,PAYPAL
PAY_500172,SUB_30080,2025-12-08,79.0,PAID,ACH
PAY_500173,SUB_30081,2025-08-06,29.0,failed,ACH
PAY_500174,SUB_30081,2025-09-07,29.0,paid,PAYPAL
PAY_500175,SUB_30082,2025-07-20,79.0,PAID,STRIPE
PAY_500176,SUB_30082,2025-08-19,79.0,paid,ACH
PAY_500177,SUB_30082,2025-09-15,79.0,PAID,CREDIT_CARD
PAY_500178,SUB_30083,2025-10-07,29.0,failed,STRIPE
PAY_500179,SUB_30083,2025-11-07,29.0,refunded,CREDIT_CARD
PAY_500180,SUB_30083,2025-12-05,29.0,paid,ACH
PAY_500181,SUB_30084,2025-02-03,79.0,refunded,PAYPAL
PAY_500182,SUB_30085,2025-08-21,79.0,PAID,CREDIT_CARD
PAY_500183,SUB_30086,2025-08-12,79.0,failed,STRIPE
PAY_500184,SUB_30086,2025-09-11,79.0,refunded,PAYPAL
PAY_500185,SUB_30087,2025-10-01,79.0,refunded,CREDIT_CARD
PAY_500186,SUB_30088,2025-08-08,29.0,failed,CREDIT_CARD
PAY_500187,SUB_30088,2025-09-05,29.0,failed,PAYPAL
PAY_500188,SUB_30088,2025-10-05,29.0,PAID,CREDIT_CARD
PAY_500189,SUB_30089,2025-03-30,-79.0,refunded,ACH
PAY_500190,SUB_30090,2025-12-11,79.0,refunded,CREDIT_CARD
PAY_500191,SUB_30091,2025-09-25,29.0,PAID,CREDIT_CARD
PAY_500192,SUB_30092,2025-02-06,79.0,refunded,ACH
PAY_500193,SUB_30092,2025-03-08,79.0,PAID,CREDIT_CARD
PAY_500194,SUB_30093,2025-12-20,29.0,failed,STRIPE
PAY_500195,SUB_30094,2025-04-10,29.0,failed,PAYPAL
PAY_500196,SUB_30095,2025-05-15,499.0,failed,PAYPAL
PAY_500197,SUB_30095,2025-06-13,499.0,paid,ACH
PAY_500198,SUB_30095,2025-07-13,499.0,PAID,STRIPE
PAY_500199,SUB_30095,2025-08-11,499.0,failed,CREDIT_CARD
PAY_500200,SUB_30096,2025-02-12,79.0,refunded,STRIPE
PAY_500201,SUB_30096,2025-03-12,79.0,failed,STRIPE
PAY_500202,SUB_30097,2025-04-05,79.0,paid,ACH
PAY_500203,SUB_30098,2025-01-26,499.0,PAID,CREDIT_CARD
PAY_500204,SUB_30099,2025-04-09,79.0,refunded,PAYPAL
PAY_500205,SUB_30099,2025-05-11,79.0,PAID,STRIPE
PAY_500206,SUB_30100,2025-09-19,29.0,refunded,CREDIT_CARD
PAY_500207,SUB_30101,2025-07-05,29.0,paid,STRIPE
PAY_500208,SUB_30102,2025-05-09,29.0,refunded,PAYPAL
PAY_500209,SUB_30102,2025-06-08,29.0,PAID,STRIPE
PAY_500210,SUB_30102,2025-07-06,29.0,refunded,CREDIT_CARD
PAY_500211,SUB_30102,2025-08-07,29.0,failed,PAYPAL
PAY_500212,SUB_30103,2025-02-04,79.0,failed,CREDIT_CARD
PAY_500213,SUB_30103,2025-03-06,79.0,failed,ACH
PAY_500214,SUB_30104,2025-04-23,499.0,PAID,CREDIT_CARD
PAY_500215,SUB_30104,2025-05-23,499.0,paid,STRIPE
PAY_500216,SUB_30104,2025-06-20,499.0,refunded,STRIPE
PAY_500217,SUB_30105,2025-11-30,499.0,PAID,STRIPE
PAY_500218,SUB_30105,2025-12-29,499.0,PAID,PAYPAL
PAY_500219,SUB_30105,2026-01-27,499.0,PAID,ACH
PAY_500220,SUB_30106,2025-09-30,499.0,refunded,PAYPAL
PAY_500221,SUB_30106,2025-11-01,499.0,refunded,ACH
PAY_500222,SUB_30106,2025-11-30,499.0,paid,CREDIT_CARD
PAY_500223,SUB_30106,2026-01-01,499.0,PAID,PAYPAL
PAY_500224,SUB_30107,2025-06-26,499.0,PAID,ACH
PAY_500225,SUB_30108,2025-04-01,499.0,PAID,ACH
PAY_500226,SUB_30108,2025-05-01,499.0,paid,STRIPE
PAY_500227,SUB_30108,2025-06-01,499.0,failed,ACH
PAY_500228,SUB_30109,2025-04-10,499.0,failed,STRIPE
PAY_500229,SUB_30109,2025-05-09,499.0,refunded,ACH
PAY_500230,SUB_30110,2025-11-22,29.0,refunded,PAYPAL
PAY_500231,SUB_30110,2025-12-25,29.0,paid,PAYPAL
PAY_500232,SUB_30110,2026-01-23,29.0,refunded,CREDIT_CARD
PAY_500233,SUB_30110,2026-02-20,29.0,failed,ACH
PAY_500234,SUB_30111,2025-03-07,29.0,paid,ACH
PAY_500235,SUB_30111,2025-04-04,29.0,PAID,ACH
PAY_500236,SUB_30111,2025-05-04,29.0,paid,CREDIT_CARD
PAY_500237,SUB_30111,2025-06-05,29.0,failed,CREDIT_CARD
PAY_500238,SUB_30112,2025-09-25,79.0,failed,CREDIT_CARD
PAY_500239,SUB_30112,2025-10-27,79.0,paid,CREDIT_CARD
PAY_500240,SUB_30112,2025-11-25,79.0,refunded,PAYPAL
PAY_500241,SUB_30113,2025-08-02,499.0,failed,PAYPAL
PAY_500242,SUB_30114,2025-01-23,499.0,PAID,STRIPE
PAY_500243,SUB_30115,2025-11-19,499.0,refunded,ACH
PAY_500244,SUB_30116,2025-03-14,499.0,failed,PAYPAL
PAY_500245,SUB_30117,2025-11-17,79.0,refunded,CREDIT_CARD
PAY_500246,SUB_30118,2025-04-30,29.0,PAID,STRIPE
PAY_500247,SUB_30119,2025-02-25,79.0,refunded,CREDIT_CARD
PAY_500248,SUB_30119,2025-03-26,79.0,PAID,STRIPE
PAY_500249,SUB_30119,2025-04-23,79.0,refunded,PAYPAL
PAY_500250,SUB_30120,2025-08-09,29.0,refunded,CREDIT_CARD
PAY_500251,SUB_30121,2025-07-24,499.0,failed,ACH
PAY_500252,SUB_30121,2025-08-22,499.0,paid,ACH
PAY_500253,SUB_30121,2025-09-23,499.0,paid,PAYPAL
PAY_500254,SUB_30121,2025-10-20,499.0,refunded,PAYPAL
PAY_500255,SUB_30122,2025-08-21,79.0,failed,ACH
PAY_500256,SUB_30123,2025-02-20,79.0,PAID,STRIPE
PAY_500257,SUB_30124,2025-03-03,29.0,failed,PAYPAL
PAY_500258,SUB_30125,2025-06-18,79.0,paid,ACH
PAY_500259,SUB_30125,2025-07-21,79.0,failed,STRIPE
PAY_500260,SUB_30125,2025-08-18,79.0,PAID,CREDIT_CARD
PAY_500261,SUB_30126,2025-11-25,79.0,refunded,STRIPE
PAY_500262,SUB_30126,2025-12-25,79.0,paid,STRIPE
PAY_500263,SUB_30127,2025-05-08,499.0,failed,PAYPAL
PAY_500264,SUB_30127,2025-06-08,499.0,PAID,CREDIT_CARD
PAY_500265,SUB_30128,2025-04-06,79.0,paid,STRIPE
PAY_500266,SUB_30129,2025-07-09,79.0,refunded,STRIPE
PAY_500267,SUB_30129,2025-08-09,79.0,PAID,STRIPE
PAY_500268,SUB_30129,2025-09-05,79.0,failed,CREDIT_CARD
PAY_500269,SUB_30130,2025-12-31,29.0,paid,PAYPAL
PAY_500270,SUB_30130,2026-01-30,29.0,paid,STRIPE
PAY_500271,SUB_30130,2026-03-03,29.0,failed,PAYPAL
PAY_500272,SUB_30130,2026-03-31,29.0,PAID,PAYPAL
PAY_500273,SUB_30131,2025-09-25,29.0,PAID,CREDIT_CARD
PAY_500274,SUB_30132,2025-06-03,29.0,PAID,CREDIT_CARD
PAY_500275,SUB_30133,2025-08-17,79.0,paid,CREDIT_CARD
PAY_500276,SUB_30134,2025-07-14,499.0,refunded,PAYPAL
PAY_500277,SUB_30134,2025-08-16,499.0,refunded,STRIPE
PAY_500278,SUB_30134,2025-09-13,499.0,PAID,ACH
PAY_500279,SUB_30134,2025-10-12,499.0,PAID,PAYPAL
PAY_500280,SUB_30135,2025-02-20,79.0,paid,CREDIT_CARD
PAY_500281,SUB_30135,2025-03-22,79.0,paid,STRIPE
PAY_500282,SUB_30136,2025-09-01,79.0,failed,CREDIT_CARD
PAY_500283,SUB_30137,2025-10-28,499.0,paid,CREDIT_CARD
PAY_500284,SUB_30138,2025-08-02,79.0,PAID,CREDIT_CARD
PAY_500285,SUB_30139,2025-02-18,79.0,failed,STRIPE
PAY_500286,SUB_30140,2025-05-01,29.0,PAID,CREDIT_CARD
PAY_500287,SUB_30140,2025-05-28,29.0,failed,ACH
PAY_500288,SUB_30141,2025-03-13,499.0,paid,ACH
PAY_500289,SUB_30142,2025-08-02,79.0,refunded,STRIPE
PAY_500290,SUB_30142,2025-09-03,79.0,paid,STRIPE
PAY_500291,SUB_30143,2025-06-30,79.0,paid,STRIPE
PAY_500292,SUB_30144,2025-03-28,29.0,paid,ACH
PAY_500293,SUB_30145,2025-11-13,499.0,PAID,STRIPE
PAY_500294,SUB_30145,2025-12-15,499.0,failed,CREDIT_CARD
PAY_500295,SUB_30146,2025-05-12,79.0,refunded,CREDIT_CARD
PAY_500296,SUB_30147,2025-05-01,79.0,paid,CREDIT_CARD
PAY_500297,SUB_30147,2025-05-31,79.0,PAID,CREDIT_CARD
PAY_500298,SUB_30147,2025-07-03,79.0,failed,CREDIT_CARD
PAY_500299,SUB_30147,2025-07-30,79.0,paid,PAYPAL
PAY_500300,SUB_30148,2025-10-09,29.0,paid,PAYPAL
PAY_500301,SUB_30149,2025-12-03,499.0,failed,ACH
PAY_500302,SUB_30150,2025-12-20,79.0,PAID,STRIPE
PAY_500303,SUB_30150,2026-01-21,79.0,failed,STRIPE
PAY_500304,SUB_30150,2026-02-20,79.0,paid,PAYPAL
PAY_500305,SUB_30151,2025-09-29,79.0,PAID,PAYPAL
PAY_500306,SUB_30152,2025-08-25,79.0,PAID,CREDIT_CARD
PAY_500307,SUB_30153,2025-03-13,79.0,paid,ACH
PAY_500308,SUB_30153,2025-04-13,79.0,paid,CREDIT_CARD
PAY_500309,SUB_30153,2025-05-10,79.0,paid,ACH
PAY_500310,SUB_30153,2025-06-11,79.0,paid,CREDIT_CARD
PAY_500311,SUB_30154,2025-08-19,29.0,PAID,STRIPE
PAY_500312,SUB_30154,2025-09-17,29.0,PAID,CREDIT_CARD
PAY_500313,SUB_30155,2025-02-09,29.0,PAID,CREDIT_CARD
PAY_500314,SUB_30156,2025-09-06,499.0,paid,ACH
PAY_500315,SUB_30156,2025-10-03,499.0,PAID,CREDIT_CARD
PAY_500316,SUB_30156,2025-11-05,499.0,paid,CREDIT_CARD
PAY_500317,SUB_30157,2025-09-01,29.0,refunded,CREDIT_CARD
PAY_500318,SUB_30157,2025-09-30,29.0,paid,ACH
PAY_500319,SUB_30157,2025-10-30,29.0,failed,PAYPAL
PAY_500320,SUB_30158,2025-10-19,29.0,paid,CREDIT_CARD
PAY_500321,SUB_30158,2025-11-16,29.0,failed,CREDIT_CARD
PAY_500322,SUB_30158,2025-12-15,29.0,PAID,CREDIT_CARD
PAY_500323,SUB_30159,2025-08-13,79.0,failed,PAYPAL
PAY_500324,SUB_30159,2025-09-13,79.0,failed,ACH
PAY_500325,SUB_30159,2025-10-14,79.0,refunded,ACH
PAY_500326,SUB_30159,2025-11-12,79.0,refunded,CREDIT_CARD
PAY_500327,SUB_30160,2025-09-03,79.0,PAID,PAYPAL
PAY_500328,SUB_30161,2025-05-03,29.0,failed,ACH
PAY_500329,SUB_30161,2025-06-03,29.0,refunded,PAYPAL
PAY_500330,SUB_30161,2025-07-01,29.0,refunded,CREDIT_CARD
PAY_500331,SUB_30162,2025-08-15,29.0,PAID,STRIPE
PAY_500332,SUB_30162,2025-09-13,29.0,PAID,STRIPE
PAY_500333,SUB_30162,2025-10-13,29.0,paid,STRIPE
PAY_500334,SUB_30163,2025-01-16,79.0,PAID,STRIPE
PAY_500335,SUB_30164,2025-03-15,499.0,PAID,STRIPE
PAY_500336,SUB_30165,2025-05-30,29.0,refunded,CREDIT_CARD
PAY_500337,SUB_30166,2025-06-21,79.0,failed,ACH
PAY_500338,SUB_30167,2025-04-21,79.0,paid,STRIPE
PAY_500339,SUB_30168,2025-07-03,79.0,PAID,PAYPAL
PAY_500340,SUB_30168,2025-08-03,79.0,PAID,CREDIT_CARD
PAY_500341,SUB_30168,2025-09-04,79.0,PAID,STRIPE
PAY_500342,SUB_30168,2025-10-01,79.0,paid,PAYPAL
PAY_500343,SUB_30169,2025-01-13,79.0,failed,CREDIT_CARD
PAY_500344,SUB_30170,2025-04-18,79.0,refunded,PAYPAL
PAY_500345,SUB_30171,2025-12-09,79.0,failed,PAYPAL
PAY_500346,SUB_30171,2026-01-09,79.0,PAID,ACH
PAY_500347,SUB_30171,2026-02-07,79.0,paid,PAYPAL
PAY_500348,SUB_30171,2026-03-12,79.0,failed,STRIPE
PAY_500349,SUB_30172,2025-03-11,79.0,paid,CREDIT_CARD
PAY_500350,SUB_30172,2025-04-11,79.0,failed,ACH
PAY_500351,SUB_30172,2025-05-11,79.0,PAID,CREDIT_CARD
PAY_500352,SUB_30172,2025-06-12,79.0,paid,ACH
PAY_500353,SUB_30173,2025-12-10,499.0,failed,CREDIT_CARD
PAY_500354,SUB_30174,2025-05-29,79.0,PAID,ACH
PAY_500355,SUB_30175,2025-08-27,79.0,refunded,ACH
PAY_500356,SUB_30176,2025-07-08,79.0,paid,STRIPE
PAY_500357,SUB_30177,2025-04-01,499.0,paid,CREDIT_CARD
PAY_500358,SUB_30178,2025-10-15,79.0,failed,PAYPAL
PAY_500359,SUB_30178,2025-11-14,79.0,PAID,CREDIT_CARD
PAY_500360,SUB_30179,2025-08-06,79.0,paid,ACH
PAY_500361,SUB_30179,2025-09-03,79.0,paid,CREDIT_CARD
PAY_500362,SUB_30179,2025-10-03,79.0,paid,CREDIT_CARD
PAY_500363,SUB_30179,2025-11-02,79.0,failed,CREDIT_CARD
PAY_500364,SUB_30180,2025-12-14,29.0,paid,ACH
PAY_500365,SUB_30180,2026-01-15,29.0,PAID,ACH
PAY_500366,SUB_30180,2026-02-14,29.0,refunded,PAYPAL
PAY_500367,SUB_30180,2026-03-14,29.0,failed,STRIPE
PAY_500368,SUB_30181,2025-06-07,79.0,PAID,CREDIT_CARD
PAY_500369,SUB_30182,2025-08-30,499.0,failed,CREDIT_CARD
PAY_500370,SUB_30182,2025-10-01,499.0,paid,PAYPAL
PAY_500371,SUB_30183,2025-08-13,499.0,failed,ACH
PAY_500372,SUB_30184,2025-11-03,499.0,PAID,STRIPE
PAY_500373,SUB_30184,2025-12-03,499.0,PAID,PAYPAL
PAY_500374,SUB_30184,2025-12-31,499.0,paid,STRIPE
PAY_500375,SUB_30185,2025-08-22,29.0,paid,PAYPAL
PAY_500376,SUB_30185,2025-09-22,29.0,refunded,CREDIT_CARD
PAY_500377,SUB_30185,2025-10-23,29.0,refunded,ACH
PAY_500378,SUB_30186,2025-06-26,499.0,failed,STRIPE
PAY_500379,SUB_30186,2025-07-27,499.0,PAID,STRIPE
PAY_500380,SUB_30187,2025-11-07,79.0,failed,PAYPAL
PAY_500381,SUB_30188,2025-06-26,79.0,PAID,CREDIT_CARD
PAY_500382,SUB_30189,2025-10-31,29.0,paid,STRIPE
PAY_500383,SUB_30190,2025-08-21,79.0,refunded,PAYPAL
PAY_500384,SUB_30190,2025-09-21,79.0,PAID,ACH
PAY_500385,SUB_30191,2025-12-04,79.0,paid,PAYPAL
PAY_500386,SUB_30192,2025-01-03,79.0,PAID,PAYPAL
PAY_500387,SUB_30192,2025-02-03,79.0,refunded,STRIPE
PAY_500388,SUB_30192,2025-03-06,79.0,failed,PAYPAL
PAY_500389,SUB_30192,2025-04-03,79.0,PAID,PAYPAL
PAY_500390,SUB_30193,2025-08-18,79.0,paid,PAYPAL
PAY_500391,SUB_30194,2025-12-29,29.0,refunded,STRIPE
PAY_500392,SUB_30195,2025-10-01,79.0,failed,PAYPAL
PAY_500393,SUB_30196,2025-10-27,79.0,failed,CREDIT_CARD
PAY_500394,SUB_30197,2025-05-28,79.0,refunded,PAYPAL
PAY_500395,SUB_30198,2025-06-03,29.0,paid,CREDIT_CARD
PAY_500396,SUB_30199,2025-10-03,29.0,paid,PAYPAL
PAY_500397,SUB_30199,2025-11-01,29.0,PAID,STRIPE
PAY_500398,SUB_30199,2025-11-29,29.0,failed,PAYPAL
PAY_500399,SUB_30200,2025-05-05,29.0,PAID,PAYPAL
PAY_500400,SUB_30200,2025-06-02,29.0,paid,STRIPE
PAY_500401,SUB_30200,2025-07-02,29.0,paid,STRIPE
PAY_500402,SUB_30201,2025-03-31,499.0,refunded,PAYPAL
PAY_500403,SUB_30202,2025-01-13,29.0,paid,PAYPAL
PAY_500404,SUB_30203,2025-08-20,79.0,failed,STRIPE
PAY_500405,SUB_30204,2025-04-23,79.0,refunded,CREDIT_CARD
PAY_500406,SUB_30205,2025-04-18,29.0,refunded,ACH
PAY_500407,SUB_30206,2025-02-07,-79.0,failed,CREDIT_CARD
PAY_500408,SUB_30206,2025-03-07,79.0,paid,STRIPE
PAY_500409,SUB_30207,2025-11-10,499.0,failed,CREDIT_CARD
PAY_500410,SUB_30207,2025-12-11,499.0,failed,PAYPAL
PAY_500411,SUB_30207,2026-01-11,499.0,failed,ACH
PAY_500412,SUB_30208,2025-01-27,499.0,failed,PAYPAL
PAY_500413,SUB_30208,2025-02-28,499.0,failed,STRIPE
PAY_500414,SUB_30208,2025-03-28,499.0,failed,CREDIT_CARD
PAY_500415,SUB_30209,2025-11-05,79.0,refunded,PAYPAL
PAY_500416,SUB_30210,2025-04-08,29.0,refunded,ACH
PAY_500417,SUB_30211,2025-06-02,499.0,refunded,CREDIT_CARD
PAY_500418,SUB_30212,2025-08-01,499.0,failed,CREDIT_CARD
PAY_500419,SUB_30212,2025-08-29,499.0,failed,ACH
PAY_500420,SUB_30213,2025-09-24,79.0,PAID,STRIPE
PAY_500421,SUB_30214,2025-03-24,499.0,paid,PAYPAL
PAY_500422,SUB_30214,2025-04-22,499.0,paid,PAYPAL
PAY_500423,SUB_30214,2025-05-22,499.0,PAID,STRIPE
PAY_500424,SUB_30215,2025-06-29,29.0,failed,STRIPE
PAY_500425,SUB_30215,2025-07-28,29.0,PAID,PAYPAL
PAY_500426,SUB_30215,2025-08-25,29.0,refunded,CREDIT_CARD
PAY_500427,SUB_30215,2025-09-27,29.0,PAID,ACH
PAY_500428,SUB_30216,2025-08-09,499.0,refunded,PAYPAL
PAY_500429,SUB_30216,2025-09-09,499.0,PAID,ACH
PAY_500430,SUB_30217,2025-01-21,29.0,paid,PAYPAL
PAY_500431,SUB_30217,2025-02-20,29.0,refunded,CREDIT_CARD
PAY_500432,SUB_30217,2025-03-23,29.0,PAID,ACH
PAY_500433,SUB_30218,2025-10-24,499.0,paid,STRIPE
PAY_500434,SUB_30218,2025-11-21,499.0,refunded,STRIPE
PAY_500435,SUB_30218,2025-12-22,499.0,failed,STRIPE
PAY_500436,SUB_30218,2026-01-19,499.0,PAID,ACH
PAY_500437,SUB_30219,2025-03-23,29.0,failed,CREDIT_CARD
PAY_500438,SUB_30219,2025-04-20,29.0,PAID,STRIPE
PAY_500439,SUB_30219,2025-05-21,29.0,PAID,PAYPAL
PAY_500440,SUB_30219,2025-06-19,29.0,refunded,ACH
PAY_500441,SUB_30220,2025-06-17,79.0,paid,CREDIT_CARD
PAY_500442,SUB_30220,2025-07-16,79.0,failed,CREDIT_CARD
PAY_500443,SUB_30220,2025-08-13,79.0,PAID,PAYPAL
PAY_500444,SUB_30221,2025-10-31,79.0,paid,PAYPAL
PAY_500445,SUB_30221,2025-11-29,79.0,PAID,PAYPAL
PAY_500446,SUB_30221,2025-12-31,79.0,failed,PAYPAL
PAY_500447,SUB_30222,2025-12-06,29.0,failed,STRIPE
PAY_500448,SUB_30222,2026-01-02,29.0,refunded,CREDIT_CARD
PAY_500449,SUB_30222,2026-02-03,29.0,failed,CREDIT_CARD
PAY_500450,SUB_30223,2025-06-29,79.0,PAID,STRIPE
PAY_500451,SUB_30223,2025-07-29,79.0,paid,STRIPE
PAY_500452,SUB_30224,2025-01-27,79.0,failed,STRIPE
PAY_500453,SUB_30225,2025-11-05,-29.0,PAID,PAYPAL
PAY_500454,SUB_30225,2025-12-04,29.0,failed,PAYPAL
PAY_500455,SUB_30225,2026-01-03,29.0,PAID,STRIPE
PAY_500456,SUB_30226,2025-01-15,499.0,failed,PAYPAL
PAY_500457,SUB_30226,2025-02-13,499.0,failed,CREDIT_CARD
PAY_500458,SUB_30226,2025-03-14,499.0,paid,ACH
PAY_500459,SUB_30226,2025-04-13,499.0,paid,ACH
PAY_500460,SUB_30227,2025-10-07,499.0,failed,PAYPAL
PAY_500461,SUB_30227,2025-11-07,499.0,PAID,CREDIT_CARD
PAY_500462,SUB_30227,2025-12-06,499.0,paid,PAYPAL
PAY_500463,SUB_30228,2025-12-21,79.0,paid,CREDIT_CARD
PAY_500464,SUB_30228,2026-01-19,79.0,PAID,STRIPE
PAY_500465,SUB_30228,2026-02-17,79.0,refunded,CREDIT_CARD
PAY_500466,SUB_30229,2025-08-15,499.0,failed,PAYPAL
PAY_500467,SUB_30229,2025-09-14,499.0,refunded,ACH
PAY_500468,SUB_30229,2025-10-14,499.0,failed,ACH
PAY_500469,SUB_30229,2025-11-11,499.0,paid,PAYPAL
PAY_500470,SUB_30230,2025-12-19,79.0,paid,STRIPE
PAY_500471,SUB_30231,2025-01-12,79.0,paid,ACH
PAY_500472,SUB_30231,2025-02-11,79.0,failed,CREDIT_CARD
PAY_500473,SUB_30232,2025-06-21,79.0,PAID,STRIPE
PAY_500474,SUB_30233,2025-05-12,79.0,paid,ACH
PAY_500475,SUB_30234,2025-11-11,29.0,PAID,PAYPAL
PAY_500476,SUB_30235,2025-03-08,79.0,failed,PAYPAL
PAY_500477,SUB_30235,2025-04-06,79.0,paid,STRIPE
PAY_500478,SUB_30236,2025-11-25,79.0,failed,CREDIT_CARD
PAY_500479,SUB_30237,2025-07-23,79.0,refunded,ACH
PAY_500480,SUB_30237,2025-08-21,79.0,paid,STRIPE
PAY_500481,SUB_30237,2025-09-21,79.0,paid,STRIPE
PAY_500482,SUB_30238,2025-01-06,29.0,paid,ACH
PAY_500483,SUB_30238,2025-02-04,29.0,PAID,PAYPAL
PAY_500484,SUB_30239,2025-07-01,499.0,failed,ACH
PAY_500485,SUB_30239,2025-07-31,499.0,PAID,PAYPAL
PAY_500486,SUB_30240,2025-12-12,29.0,failed,PAYPAL
PAY_500487,SUB_30240,2026-01-11,29.0,refunded,ACH
PAY_500488,SUB_30240,2026-02-09,29.0,refunded,PAYPAL
PAY_500489,SUB_30240,2026-03-10,29.0,PAID,CREDIT_CARD
PAY_500490,SUB_30241,2025-05-25,79.0,PAID,CREDIT_CARD
PAY_500491,SUB_30241,2025-06-23,79.0,refunded,CREDIT_CARD
PAY_500492,SUB_30241,2025-07-24,79.0,failed,PAYPAL
PAY_500493,SUB_30241,2025-08-23,79.0,failed,PAYPAL
PAY_500494,SUB_30242,2025-02-27,29.0,paid,STRIPE
PAY_500495,SUB_30242,2025-03-28,29.0,failed,CREDIT_CARD
PAY_500496,SUB_30243,2025-02-16,499.0,failed,PAYPAL
PAY_500497,SUB_30244,2025-12-18,499.0,failed,ACH
PAY_500498,SUB_30245,2025-08-22,29.0,refunded,PAYPAL
PAY_500499,SUB_30246,2025-02-18,29.0,PAID,CREDIT_CARD
PAY_500500,SUB_30246,2025-03-21,29.0,failed,PAYPAL
PAY_500501,SUB_30247,2025-10-18,29.0,PAID,STRIPE
PAY_500502,SUB_30248,2025-03-13,-29.0,refunded,CREDIT_CARD
PAY_500503,SUB_30249,2025-05-20,79.0,refunded,PAYPAL
PAY_500504,SUB_30250,2025-09-15,79.0,failed,ACH
PAY_500505,SUB_30251,2025-08-13,79.0,refunded,ACH
PAY_500506,SUB_30251,2025-09-09,79.0,PAID,STRIPE
PAY_500507,SUB_30251,2025-10-11,79.0,paid,CREDIT_CARD
PAY_500508,SUB_30251,2025-11-09,79.0,refunded,STRIPE
PAY_500509,SUB_30252,2025-04-23,79.0,paid,PAYPAL
PAY_500510,SUB_30252,2025-05-23,79.0,paid,ACH
PAY_500511,SUB_30252,2025-06-22,79.0,paid,STRIPE
PAY_500512,SUB_30253,2025-11-19,499.0,PAID,PAYPAL
PAY_500513,SUB_30254,2025-02-05,29.0,failed,ACH
PAY_500514,SUB_30255,2025-01-24,79.0,failed,CREDIT_CARD
PAY_500515,SUB_30255,2025-02-21,79.0,paid,ACH
PAY_500516,SUB_30255,2025-03-25,79.0,failed,STRIPE
PAY_500517,SUB_30255,2025-04-22,79.0,failed,STRIPE
PAY_500518,SUB_30256,2025-02-23,79.0,PAID,ACH
PAY_500519,SUB_30257,2025-04-01,29.0,failed,PAYPAL
PAY_500520,SUB_30257,2025-04-30,29.0,refunded,CREDIT_CARD
PAY_500521,SUB_30258,2025-09-09,79.0,PAID,PAYPAL
PAY_500522,SUB_30258,2025-10-10,79.0,PAID,PAYPAL
PAY_500523,SUB_30258,2025-11-10,79.0,failed,STRIPE
PAY_500524,SUB_30258,2025-12-10,79.0,paid,STRIPE
PAY_500525,SUB_30259,2025-06-13,499.0,refunded,CREDIT_CARD
PAY_500526,SUB_30259,2025-07-15,499.0,failed,PAYPAL
PAY_500527,SUB_30259,2025-08-15,499.0,refunded,ACH
PAY_500528,SUB_30259,2025-09-11,499.0,failed,PAYPAL
PAY_500529,SUB_30260,2025-01-08,79.0,refunded,STRIPE
PAY_500530,SUB_30261,2025-09-10,29.0,refunded,ACH
PAY_500531,SUB_30262,2025-11-16,79.0,paid,CREDIT_CARD
PAY_500532,SUB_30263,2025-09-30,79.0,failed,ACH
PAY_500533,SUB_30264,2025-02-20,79.0,paid,CREDIT_CARD
PAY_500534,SUB_30265,2025-01-27,79.0,paid,STRIPE
PAY_500535,SUB_30265,2025-02-27,79.0,failed,CREDIT_CARD
PAY_500536,SUB_30265,2025-03-27,79.0,refunded,CREDIT_CARD
PAY_500537,SUB_30265,2025-04-25,79.0,refunded,ACH
PAY_500538,SUB_30266,2025-10-31,79.0,PAID,CREDIT_CARD
PAY_500539,SUB_30267,2025-08-30,499.0,paid,PAYPAL
PAY_500540,SUB_30267,2025-09-29,499.0,PAID,ACH
PAY_500541,SUB_30267,2025-10-28,499.0,paid,PAYPAL
PAY_500542,SUB_30267,2025-11-29,499.0,PAID,STRIPE
PAY_500543,SUB_30268,2025-10-31,29.0,refunded,STRIPE
PAY_500544,SUB_30268,2025-11-27,29.0,failed,ACH
PAY_500545,SUB_30269,2025-09-06,29.0,paid,CREDIT_CARD
PAY_500546,SUB_30270,2025-05-09,79.0,refunded,ACH
PAY_500547,SUB_30270,2025-06-05,79.0,paid,PAYPAL
PAY_500548,SUB_30270,2025-07-06,79.0,paid,ACH
PAY_500549,SUB_30271,2025-10-18,29.0,paid,STRIPE
PAY_500550,SUB_30271,2025-11-15,29.0,paid,STRIPE
PAY_500551,SUB_30271,2025-12-14,29.0,failed,PAYPAL
PAY_500552,SUB_30271,2026-01-14,29.0,paid,CREDIT_CARD
PAY_500553,SUB_30272,2025-11-06,29.0,paid,STRIPE
PAY_500554,SUB_30272,2025-12-07,29.0,refunded,ACH
PAY_500555,SUB_30273,2025-03-17,79.0,failed,ACH
PAY_500556,SUB_30273,2025-04-17,79.0,failed,ACH
PAY_500557,SUB_30274,2025-04-05,499.0,PAID,ACH
PAY_500558,SUB_30275,2025-12-09,79.0,refunded,PAYPAL
PAY_500559,SUB_30276,2025-02-11,79.0,paid,PAYPAL
PAY_500560,SUB_30276,2025-03-12,79.0,PAID,CREDIT_CARD
PAY_500561,SUB_30277,2025-03-08,79.0,paid,ACH
PAY_500562,SUB_30277,2025-04-07,79.0,refunded,CREDIT_CARD
PAY_500563,SUB_30277,2025-05-08,79.0,PAID,PAYPAL
PAY_500564,SUB_30278,2025-10-09,79.0,refunded,PAYPAL
PAY_500565,SUB_30279,2025-06-21,79.0,failed,STRIPE
PAY_500566,SUB_30280,2025-04-20,79.0,PAID,STRIPE
PAY_500567,SUB_30281,2025-03-03,499.0,refunded,STRIPE
PAY_500568,SUB_30281,2025-04-04,499.0,refunded,CREDIT_CARD
PAY_500569,SUB_30282,2025-11-15,79.0,failed,CREDIT_CARD
PAY_500570,SUB_30283,2025-03-25,29.0,PAID,PAYPAL
PAY_500571,SUB_30283,2025-04-26,29.0,failed,STRIPE
PAY_500572,SUB_30283,2025-05-26,29.0,failed,PAYPAL
PAY_500573,SUB_30283,2025-06-24,29.0,paid,STRIPE
PAY_500574,SUB_30284,2025-03-08,499.0,failed,CREDIT_CARD
PAY_500575,SUB_30285,2025-09-01,79.0,PAID,ACH
PAY_500576,SUB_30285,2025-09-28,79.0,paid,ACH
PAY_500577,SUB_30285,2025-10-30,79.0,failed,ACH
PAY_500578,SUB_30286,2025-10-28,79.0,refunded,STRIPE
PAY_500579,SUB_30287,2025-11-23,79.0,failed,PAYPAL
PAY_500580,SUB_30287,2025-12-24,79.0,PAID,CREDIT_CARD
PAY_500581,SUB_30287,2026-01-23,79.0,PAID,ACH
PAY_500582,SUB_30287,2026-02-22,79.0,paid,STRIPE
PAY_500583,SUB_30288,2025-10-03,499.0,failed,PAYPAL
PAY_500584,SUB_30289,2025-06-05,499.0,paid,PAYPAL
PAY_500585,SUB_30290,2025-04-03,79.0,PAID,CREDIT_CARD
PAY_500586,SUB_30290,2025-05-04,-79.0,failed,ACH
PAY_500587,SUB_30290,2025-06-02,79.0,refunded,PAYPAL
PAY_500588,SUB_30291,2025-06-19,29.0,failed,CREDIT_CARD
PAY_500589,SUB_30292,2025-04-20,79.0,refunded,CREDIT_CARD
PAY_500590,SUB_30293,2025-07-14,79.0,PAID,ACH
PAY_500591,SUB_30293,2025-08-14,79.0,failed,CREDIT_CARD
PAY_500592,SUB_30294,2025-05-04,79.0,refunded,ACH
PAY_500593,SUB_30295,2025-07-15,29.0,failed,ACH
PAY_500594,SUB_30295,2025-08-15,29.0,failed,ACH
PAY_500595,SUB_30295,2025-09-13,29.0,failed,PAYPAL
PAY_500596,SUB_30295,2025-10-13,29.0,paid,CREDIT_CARD
PAY_500597,SUB_30296,2025-01-27,79.0,PAID,STRIPE
PAY_500598,SUB_30297,2025-05-05,499.0,failed,CREDIT_CARD
PAY_500599,SUB_30297,2025-06-04,499.0,refunded,PAYPAL
PAY_500600,SUB_30297,2025-07-04,499.0,paid,CREDIT_CARD
PAY_500601,SUB_30298,2025-01-12,499.0,refunded,ACH
PAY_500602,SUB_30298,2025-02-13,499.0,refunded,PAYPAL
PAY_500603,SUB_30298,2025-03-14,499.0,refunded,ACH
PAY_500604,SUB_30299,2025-11-24,79.0,paid,ACH
PAY_500605,SUB_30300,2025-04-08,79.0,paid,ACH
PAY_500606,SUB_30300,2025-05-06,79.0,failed,PAYPAL
PAY_500607,SUB_30300,2025-06-06,79.0,PAID,STRIPE
PAY_500608,SUB_30301,2025-03-08,79.0,refunded,STRIPE
PAY_500609,SUB_30302,2025-11-08,79.0,paid,STRIPE
PAY_500610,SUB_30303,2025-03-12,79.0,paid,PAYPAL
PAY_500611,SUB_30303,2025-04-13,79.0,failed,CREDIT_CARD
PAY_500612,SUB_30303,2025-05-12,79.0,paid,ACH
PAY_500613,SUB_30303,2025-06-09,79.0,failed,PAYPAL
PAY_500614,SUB_30304,2025-05-10,499.0,PAID,PAYPAL
PAY_500615,SUB_30305,2025-07-02,499.0,PAID,CREDIT_CARD
PAY_500616,SUB_30306,2025-04-08,499.0,failed,CREDIT_CARD
PAY_500617,SUB_30306,2025-05-08,499.0,PAID,ACH
PAY_500618,SUB_30306,2025-06-06,499.0,paid,CREDIT_CARD
PAY_500619,SUB_30306,2025-07-07,499.0,failed,ACH
PAY_500620,SUB_30307,2025-12-18,29.0,PAID,PAYPAL
PAY_500621,SUB_30308,2025-12-14,79.0,failed,STRIPE
PAY_500622,SUB_30309,2025-09-10,79.0,refunded,CREDIT_CARD
PAY_500623,SUB_30310,2025-08-21,499.0,PAID,STRIPE
PAY_500624,SUB_30311,2025-09-26,29.0,paid,CREDIT_CARD
PAY_500625,SUB_30312,2025-08-20,79.0,paid,ACH
PAY_500626,SUB_30312,2025-09-17,79.0,failed,PAYPAL
PAY_500627,SUB_30313,2025-11-13,79.0,PAID,PAYPAL
PAY_500628,SUB_30313,2025-12-13,79.0,paid,CREDIT_CARD
PAY_500629,SUB_30313,2026-01-13,79.0,refunded,STRIPE
PAY_500630,SUB_30314,2025-12-11,79.0,paid,ACH
PAY_500631,SUB_30314,2026-01-13,79.0,PAID,PAYPAL
PAY_500632,SUB_30314,2026-02-11,79.0,refunded,STRIPE
PAY_500633,SUB_30315,2025-05-12,29.0,paid,CREDIT_CARD
PAY_500634,SUB_30316,2025-10-02,499.0,PAID,PAYPAL
PAY_500635,SUB_30316,2025-10-31,499.0,refunded,ACH
PAY_500636,SUB_30316,2025-11-30,-499.0,refunded,STRIPE
PAY_500637,SUB_30317,2025-04-19,79.0,paid,ACH
PAY_500638,SUB_30318,2025-07-03,79.0,PAID,STRIPE
PAY_500639,SUB_30318,2025-07-31,-79.0,PAID,CREDIT_CARD
PAY_500640,SUB_30318,2025-08-31,79.0,failed,CREDIT_CARD
PAY_500641,SUB_30319,2025-06-27,499.0,failed,PAYPAL
PAY_500642,SUB_30319,2025-07-27,499.0,paid,CREDIT_CARD
PAY_500643,SUB_30319,2025-08-23,499.0,PAID,STRIPE
PAY_500644,SUB_30320,2025-04-12,29.0,refunded,PAYPAL
PAY_500645,SUB_30320,2025-05-13,29.0,refunded,ACH
PAY_500646,SUB_30320,2025-06-09,29.0,PAID,STRIPE
PAY_500647,SUB_30321,2025-03-22,499.0,failed,ACH
PAY_500648,SUB_30321,2025-04-21,499.0,paid,STRIPE
PAY_500649,SUB_30322,2025-10-05,499.0,paid,CREDIT_CARD
PAY_500650,SUB_30322,2025-11-05,499.0,PAID,ACH
PAY_500651,SUB_30322,2025-12-07,499.0,refunded,ACH
PAY_500652,SUB_30323,2025-10-03,29.0,failed,CREDIT_CARD
PAY_500653,SUB_30323,2025-11-01,29.0,PAID,ACH
PAY_500654,SUB_30323,2025-12-03,29.0,PAID,ACH
PAY_500655,SUB_30323,2026-01-01,29.0,PAID,CREDIT_CARD
PAY_500656,SUB_30324,2025-01-13,29.0,refunded,PAYPAL
PAY_500657,SUB_30325,2025-08-06,29.0,failed,STRIPE
PAY_500658,SUB_30326,2025-10-02,499.0,paid,ACH
PAY_500659,SUB_30327,2025-11-25,79.0,failed,CREDIT_CARD
PAY_500660,SUB_30328,2025-11-20,79.0,refunded,CREDIT_CARD
PAY_500661,SUB_30329,2025-07-23,499.0,PAID,PAYPAL
PAY_500662,SUB_30329,2025-08-22,499.0,refunded,ACH
PAY_500663,SUB_30330,2025-12-02,79.0,paid,STRIPE
PAY_500664,SUB_30330,2025-12-30,79.0,paid,STRIPE
PAY_500665,SUB_30331,2025-10-16,79.0,refunded,CREDIT_CARD
PAY_500666,SUB_30331,2025-11-17,79.0,refunded,STRIPE
PAY_500667,SUB_30331,2025-12-17,79.0,paid,PAYPAL
PAY_500668,SUB_30332,2025-05-19,29.0,failed,CREDIT_CARD
PAY_500669,SUB_30332,2025-06-19,29.0,paid,CREDIT_CARD
PAY_500670,SUB_30332,2025-07-19,29.0,paid,PAYPAL
PAY_500671,SUB_30333,2025-03-31,79.0,PAID,STRIPE
PAY_500672,SUB_30334,2025-09-16,499.0,paid,CREDIT_CARD
PAY_500673,SUB_30334,2025-10-16,499.0,paid,STRIPE
PAY_500674,SUB_30334,2025-11-13,499.0,failed,STRIPE
PAY_500675,SUB_30335,2025-06-27,79.0,failed,STRIPE
PAY_500676,SUB_30335,2025-07-26,79.0,refunded,ACH
PAY_500677,SUB_30335,2025-08-26,79.0,refunded,STRIPE
PAY_500678,SUB_30335,2025-09-23,79.0,failed,CREDIT_CARD
PAY_500679,SUB_30336,2025-05-15,79.0,failed,STRIPE
PAY_500680,SUB_30337,2025-06-03,29.0,refunded,STRIPE
PAY_500681,SUB_30338,2025-06-10,29.0,failed,ACH
PAY_500682,SUB_30338,2025-07-08,29.0,refunded,ACH
PAY_500683,SUB_30338,2025-08-08,29.0,refunded,PAYPAL
PAY_500684,SUB_30339,2025-11-24,79.0,PAID,ACH
PAY_500685,SUB_30339,2025-12-25,79.0,failed,CREDIT_CARD
PAY_500686,SUB_30339,2026-01-24,79.0,failed,CREDIT_CARD
PAY_500687,SUB_30339,2026-02-24,79.0,paid,CREDIT_CARD
PAY_500688,SUB_30340,2025-08-20,79.0,PAID,STRIPE
PAY_500689,SUB_30341,2025-11-09,79.0,PAID,PAYPAL
PAY_500690,SUB_30341,2025-12-07,79.0,paid,STRIPE
PAY_500691,SUB_30341,2026-01-05,79.0,failed,CREDIT_CARD
PAY_500692,SUB_30342,2025-03-22,29.0,paid,STRIPE
PAY_500693,SUB_30342,2025-04-20,29.0,failed,STRIPE
PAY_500694,SUB_30342,2025-05-20,29.0,PAID,ACH
PAY_500695,SUB_30342,2025-06-18,29.0,failed,CREDIT_CARD
PAY_500696,SUB_30343,2025-12-13,499.0,paid,PAYPAL
PAY_500697,SUB_30343,2026-01-13,499.0,refunded,PAYPAL
PAY_500698,SUB_30343,2026-02-10,499.0,refunded,PAYPAL
PAY_500699,SUB_30343,2026-03-12,499.0,failed,STRIPE
PAY_500700,SUB_30344,2025-09-02,79.0,failed,PAYPAL
PAY_500701,SUB_30345,2025-09-08,499.0,paid,STRIPE
PAY_500702,SUB_30346,2025-03-23,499.0,failed,ACH
PAY_500703,SUB_30346,2025-04-19,499.0,PAID,STRIPE
PAY_500704,SUB_30346,2025-05-20,499.0,paid,STRIPE
PAY_500705,SUB_30347,2025-09-21,79.0,paid,STRIPE
PAY_500706,SUB_30347,2025-10-19,79.0,refunded,ACH
PAY_500707,SUB_30347,2025-11-20,79.0,paid,PAYPAL
PAY_500708,SUB_30348,2025-02-07,79.0,failed,PAYPAL
PAY_500709,SUB_30349,2025-12-13,-29.0,paid,PAYPAL
PAY_500710,SUB_30349,2026-01-14,29.0,paid,ACH
PAY_500711,SUB_30349,2026-02-11,29.0,PAID,ACH
PAY_500712,SUB_30350,2025-11-15,499.0,failed,PAYPAL
PAY_500713,SUB_30351,2025-04-21,29.0,paid,PAYPAL
PAY_500714,SUB_30351,2025-05-21,29.0,PAID,STRIPE
PAY_500715,SUB_30352,2025-08-30,29.0,failed,PAYPAL
PAY_500716,SUB_30353,2025-08-08,79.0,refunded,STRIPE
PAY_500717,SUB_30353,2025-09-09,79.0,failed,STRIPE
PAY_500718,SUB_30353,2025-10-09,79.0,PAID,CREDIT_CARD
PAY_500719,SUB_30354,2025-05-13,79.0,paid,CREDIT_CARD
PAY_500720,SUB_30355,2025-07-13,79.0,PAID,PAYPAL
PAY_500721,SUB_30355,2025-08-14,79.0,PAID,PAYPAL
PAY_500722,SUB_30355,2025-09-11,79.0,refunded,STRIPE
PAY_500723,SUB_30356,2025-12-22,79.0,failed,ACH
PAY_500724,SUB_30357,2025-04-20,499.0,failed,PAYPAL
PAY_500725,SUB_30358,2025-08-25,499.0,failed,STRIPE
PAY_500726,SUB_30358,2025-09-24,499.0,PAID,STRIPE
PAY_500727,SUB_30359,2025-10-16,29.0,refunded,ACH
PAY_500728,SUB_30359,2025-11-16,29.0,failed,STRIPE
PAY_500729,SUB_30360,2025-12-16,79.0,paid,CREDIT_CARD
PAY_500730,SUB_30360,2026-01-12,79.0,PAID,CREDIT_CARD
PAY_500731,SUB_30361,2025-07-12,499.0,refunded,CREDIT_CARD
PAY_500732,SUB_30362,2025-12-27,29.0,refunded,PAYPAL
PAY_500733,SUB_30363,2025-05-09,79.0,refunded,ACH
PAY_500734,SUB_30364,2025-01-17,29.0,PAID,STRIPE
PAY_500735,SUB_30365,2025-08-09,79.0,PAID,ACH
PAY_500736,SUB_30365,2025-09-06,79.0,refunded,CREDIT_CARD
PAY_500737,SUB_30365,2025-10-06,79.0,PAID,STRIPE
PAY_500738,SUB_30366,2025-09-30,499.0,PAID,ACH
PAY_500739,SUB_30367,2025-07-22,29.0,paid,PAYPAL
PAY_500740,SUB_30368,2025-03-27,79.0,refunded,PAYPAL
PAY_500741,SUB_30369,2025-10-02,79.0,refunded,PAYPAL
PAY_500742,SUB_30370,2025-02-14,79.0,paid,ACH
PAY_500743,SUB_30370,2025-03-14,79.0,failed,ACH
PAY_500744,SUB_30370,2025-04-13,79.0,paid,STRIPE
PAY_500745,SUB_30371,2025-11-23,499.0,failed,PAYPAL
PAY_500746,SUB_30372,2025-10-28,79.0,PAID,CREDIT_CARD
PAY_500747,SUB_30372,2025-11-28,79.0,failed,ACH
PAY_500748,SUB_30373,2025-12-24,29.0,PAID,ACH
PAY_500749,SUB_30374,2025-05-08,79.0,paid,PAYPAL
PAY_500750,SUB_30375,2025-06-08,29.0,failed,CREDIT_CARD
PAY_500751,SUB_30376,2025-04-02,29.0,PAID,CREDIT_CARD
PAY_500752,SUB_30377,2025-12-27,29.0,failed,STRIPE
PAY_500753,SUB_30377,2026-01-23,29.0,refunded,PAYPAL
PAY_500754,SUB_30377,2026-02-24,29.0,failed,STRIPE
PAY_500755,SUB_30378,2025-02-18,29.0,failed,ACH
PAY_500756,SUB_30378,2025-03-20,29.0,paid,CREDIT_CARD
PAY_500757,SUB_30378,2025-04-19,29.0,paid,ACH
PAY_500758,SUB_30379,2025-01-18,499.0,refunded,STRIPE
PAY_500759,SUB_30379,2025-02-17,499.0,refunded,PAYPAL
PAY_500760,SUB_30380,2025-01-14,79.0,failed,STRIPE
PAY_500761,SUB_30381,2025-02-19,79.0,refunded,ACH
PAY_500762,SUB_30381,2025-03-21,79.0,failed,CREDIT_CARD
PAY_500763,SUB_30381,2025-04-22,79.0,paid,CREDIT_CARD
PAY_500764,SUB_30381,2025-05-19,79.0,paid,PAYPAL
PAY_500765,SUB_30382,2025-08-08,29.0,failed,ACH
PAY_500766,SUB_30383,2025-06-11,79.0,paid,CREDIT_CARD
PAY_500767,SUB_30384,2025-04-18,79.0,refunded,CREDIT_CARD
PAY_500768,SUB_30385,2025-07-17,29.0,failed,ACH
PAY_500769,SUB_30385,2025-08-17,29.0,refunded,STRIPE
PAY_500770,SUB_30385,2025-09-16,29.0,paid,STRIPE
PAY_500771,SUB_30385,2025-10-15,29.0,failed,ACH
PAY_500772,SUB_30386,2025-09-20,499.0,refunded,CREDIT_CARD
PAY_500773,SUB_30387,2025-11-02,79.0,refunded,PAYPAL
PAY_500774,SUB_30388,2025-10-14,499.0,PAID,CREDIT_CARD
PAY_500775,SUB_30389,2025-02-12,79.0,refunded,ACH
PAY_500776,SUB_30389,2025-03-12,79.0,paid,CREDIT_CARD
PAY_500777,SUB_30390,2025-08-15,79.0,PAID,PAYPAL
PAY_500778,SUB_30391,2025-07-17,29.0,refunded,ACH
PAY_500779,SUB_30392,2025-08-01,499.0,refunded,PAYPAL
PAY_500780,SUB_30392,2025-09-01,499.0,PAID,STRIPE
PAY_500781,SUB_30393,2025-11-03,499.0,PAID,PAYPAL
PAY_500782,SUB_30393,2025-12-05,499.0,failed,ACH
PAY_500783,SUB_30394,2025-02-06,29.0,failed,CREDIT_CARD
PAY_500784,SUB_30394,2025-03-06,29.0,paid,CREDIT_CARD
PAY_500785,SUB_30395,2025-10-05,79.0,failed,ACH
PAY_500786,SUB_30396,2025-08-04,79.0,PAID,STRIPE
PAY_500787,SUB_30396,2025-09-03,79.0,refunded,STRIPE
PAY_500788,SUB_30397,2025-03-11,79.0,refunded,PAYPAL
PAY_500789,SUB_30397,2025-04-08,79.0,PAID,PAYPAL
PAY_500790,SUB_30397,2025-05-09,79.0,PAID,CREDIT_CARD
PAY_500791,SUB_30397,2025-06-08,79.0,refunded,STRIPE
PAY_500792,SUB_30398,2025-04-29,-29.0,paid,CREDIT_CARD
PAY_500793,SUB_30398,2025-05-30,29.0,paid,CREDIT_CARD
PAY_500794,SUB_30398,2025-06-27,29.0,PAID,STRIPE
PAY_500795,SUB_30399,2025-05-22,499.0,paid,PAYPAL
PAY_500796,SUB_30399,2025-06-22,499.0,paid,PAYPAL
PAY_500797,SUB_30400,2025-05-18,499.0,failed,PAYPAL
PAY_500798,SUB_30400,2025-06-19,499.0,refunded,PAYPAL
PAY_500799,SUB_30401,2025-06-01,79.0,refunded,ACH
PAY_500800,SUB_30402,2025-11-23,79.0,refunded,STRIPE
PAY_500801,SUB_30402,2025-12-22,79.0,paid,STRIPE
PAY_500802,SUB_30403,2025-07-13,499.0,failed,CREDIT_CARD
PAY_500803,SUB_30403,2025-08-10,499.0,PAID,CREDIT_CARD
PAY_500804,SUB_30404,2025-06-20,79.0,failed,STRIPE
PAY_500805,SUB_30405,2025-11-05,499.0,failed,CREDIT_CARD
PAY_500806,SUB_30405,2025-12-07,499.0,paid,PAYPAL
PAY_500807,SUB_30405,2026-01-05,499.0,paid,PAYPAL
PAY_500808,SUB_30406,2025-01-13,79.0,refunded,STRIPE
PAY_500809,SUB_30407,2025-01-07,499.0,PAID,STRIPE
PAY_500810,SUB_30407,2025-02-06,499.0,PAID,CREDIT_CARD
PAY_500811,SUB_30407,2025-03-10,499.0,paid,ACH
PAY_500812,SUB_30407,2025-04-07,499.0,refunded,STRIPE
PAY_500813,SUB_30408,2025-09-13,79.0,refunded,PAYPAL
PAY_500814,SUB_30408,2025-10-10,79.0,PAID,CREDIT_CARD
PAY_500815,SUB_30408,2025-11-11,79.0,failed,STRIPE
PAY_500816,SUB_30409,2025-08-23,29.0,refunded,STRIPE
PAY_500817,SUB_30409,2025-09-24,29.0,PAID,CREDIT_CARD
PAY_500818,SUB_30409,2025-10-22,29.0,paid,STRIPE
PAY_500819,SUB_30410,2025-09-23,79.0,PAID,STRIPE
PAY_500820,SUB_30411,2026-01-02,79.0,PAID,STRIPE
PAY_500821,SUB_30412,2025-08-01,29.0,failed,ACH
PAY_500822,SUB_30412,2025-09-02,29.0,refunded,ACH
PAY_500823,SUB_30413,2025-07-04,79.0,failed,CREDIT_CARD
PAY_500824,SUB_30413,2025-08-03,79.0,refunded,CREDIT_CARD
PAY_500825,SUB_30413,2025-09-01,79.0,refunded,CREDIT_CARD
PAY_500826,SUB_30413,2025-10-02,79.0,paid,STRIPE
PAY_500827,SUB_30414,2025-10-04,499.0,failed,STRIPE
PAY_500828,SUB_30415,2025-01-10,79.0,refunded,PAYPAL
PAY_500829,SUB_30415,2025-02-10,79.0,refunded,PAYPAL
PAY_500830,SUB_30415,2025-03-11,79.0,PAID,CREDIT_CARD
PAY_500831,SUB_30415,2025-04-10,79.0,refunded,PAYPAL
PAY_500832,SUB_30416,2025-02-03,79.0,PAID,CREDIT_CARD
PAY_500833,SUB_30417,2025-12-31,29.0,refunded,PAYPAL
PAY_500834,SUB_30417,2026-01-29,29.0,refunded,STRIPE
PAY_500835,SUB_30417,2026-03-03,29.0,refunded,STRIPE
PAY_500836,SUB_30418,2025-08-23,79.0,paid,CREDIT_CARD
PAY_500837,SUB_30418,2025-09-20,79.0,paid,STRIPE
PAY_500838,SUB_30418,2025-10-20,79.0,paid,ACH
PAY_500839,SUB_30419,2025-04-06,79.0,refunded,CREDIT_CARD
PAY_500840,SUB_30419,2025-05-07,79.0,paid,ACH
PAY_500841,SUB_30419,2025-06-06,79.0,paid,STRIPE
PAY_500842,SUB_30420,2025-08-18,499.0,refunded,PAYPAL
PAY_500843,SUB_30421,2025-01-29,79.0,failed,STRIPE
PAY_500844,SUB_30421,2025-03-02,79.0,paid,ACH
PAY_500845,SUB_30421,2025-03-31,79.0,failed,PAYPAL
PAY_500846,SUB_30422,2025-10-04,499.0,failed,CREDIT_CARD
PAY_500847,SUB_30422,2025-11-02,499.0,PAID,PAYPAL
PAY_500848,SUB_30423,2025-09-17,79.0,paid,PAYPAL
PAY_500849,SUB_30423,2025-10-17,79.0,failed,CREDIT_CARD
PAY_500850,SUB_30423,2025-11-17,79.0,paid,PAYPAL
PAY_500851,SUB_30423,2025-12-16,79.0,PAID,ACH
PAY_500852,SUB_30424,2025-12-13,79.0,failed,CREDIT_CARD
PAY_500853,SUB_30425,2025-11-02,499.0,PAID,CREDIT_CARD
PAY_500854,SUB_30426,2025-05-27,499.0,PAID,PAYPAL
PAY_500855,SUB_30427,2025-03-05,79.0,refunded,ACH
PAY_500856,SUB_30428,2025-09-11,499.0,refunded,STRIPE
PAY_500857,SUB_30429,2025-05-09,29.0,refunded,ACH
PAY_500858,SUB_30429,2025-06-10,29.0,failed,CREDIT_CARD
PAY_500859,SUB_30430,2025-09-30,79.0,paid,ACH
PAY_500860,SUB_30430,2025-10-31,79.0,paid,CREDIT_CARD
PAY_500861,SUB_30430,2025-11-28,79.0,refunded,CREDIT_CARD
PAY_500862,SUB_30430,2025-12-28,79.0,PAID,ACH
PAY_500863,SUB_30431,2025-09-14,499.0,refunded,PAYPAL
PAY_500864,SUB_30432,2025-04-08,29.0,paid,PAYPAL
PAY_500865,SUB_30433,2025-05-18,499.0,failed,ACH
PAY_500866,SUB_30433,2025-06-20,499.0,failed,ACH
PAY_500867,SUB_30434,2025-10-20,79.0,failed,PAYPAL
PAY_500868,SUB_30435,2025-03-19,79.0,PAID,PAYPAL
PAY_500869,SUB_30436,2025-07-07,499.0,failed,STRIPE
PAY_500870,SUB_30436,2025-08-04,499.0,paid,ACH
PAY_500871,SUB_30436,2025-09-06,499.0,refunded,CREDIT_CARD
PAY_500872,SUB_30437,2025-12-18,499.0,PAID,CREDIT_CARD
PAY_500873,SUB_30437,2026-01-18,499.0,refunded,PAYPAL
PAY_500874,SUB_30437,2026-02-15,499.0,refunded,CREDIT_CARD
PAY_500875,SUB_30438,2025-12-17,499.0,failed,STRIPE
PAY_500876,SUB_30438,2026-01-17,499.0,refunded,STRIPE
PAY_500877,SUB_30438,2026-02-16,499.0,refunded,STRIPE
PAY_500878,SUB_30438,2026-03-16,499.0,refunded,ACH
PAY_500879,SUB_30439,2025-04-20,29.0,paid,CREDIT_CARD
PAY_500880,SUB_30439,2025-05-22,29.0,failed,PAYPAL
PAY_500881,SUB_30439,2025-06-22,29.0,failed,STRIPE
PAY_500882,SUB_30439,2025-07-19,29.0,paid,ACH
PAY_500883,SUB_30440,2025-12-16,79.0,PAID,CREDIT_CARD
PAY_500884,SUB_30441,2025-04-24,79.0,PAID,ACH
PAY_500885,SUB_30442,2025-04-17,499.0,failed,ACH
PAY_500886,SUB_30443,2025-08-27,79.0,PAID,CREDIT_CARD
PAY_500887,SUB_30443,2025-09-24,79.0,refunded,CREDIT_CARD
PAY_500888,SUB_30443,2025-10-24,79.0,failed,ACH
PAY_500889,SUB_30444,2025-02-06,499.0,failed,CREDIT_CARD
PAY_500890,SUB_30445,2025-01-07,29.0,paid,CREDIT_CARD
PAY_500891,SUB_30445,2025-02-06,29.0,PAID,PAYPAL
PAY_500892,SUB_30446,2025-02-15,79.0,refunded,CREDIT_CARD
PAY_500893,SUB_30446,2025-03-16,79.0,failed,ACH
PAY_500894,SUB_30446,2025-04-16,79.0,refunded,CREDIT_CARD
PAY_500895,SUB_30446,2025-05-16,79.0,refunded,STRIPE
PAY_500896,SUB_30447,2025-05-02,499.0,PAID,STRIPE
PAY_500897,SUB_30448,2025-12-27,499.0,refunded,STRIPE
PAY_500898,SUB_30448,2026-01-28,499.0,failed,STRIPE
PAY_500899,SUB_30448,2026-02-25,499.0,paid,CREDIT_CARD
PAY_500900,SUB_30449,2025-09-05,79.0,refunded,PAYPAL
PAY_500901,SUB_30449,2025-10-04,79.0,PAID,PAYPAL
PAY_500902,SUB_30450,2025-05-18,79.0,PAID,STRIPE
PAY_500903,SUB_30450,2025-06-16,79.0,refunded,CREDIT_CARD
PAY_500904,SUB_30450,2025-07-19,79.0,failed,STRIPE
PAY_500905,SUB_30451,2025-10-21,499.0,PAID,PAYPAL
PAY_500906,SUB_30451,2025-11-21,499.0,PAID,CREDIT_CARD
PAY_500907,SUB_30452,2025-08-29,79.0,refunded,PAYPAL
PAY_500908,SUB_30452,2025-09-30,79.0,refunded,PAYPAL
PAY_500909,SUB_30452,2025-10-30,79.0,paid,PAYPAL
PAY_500910,SUB_30452,2025-11-29,79.0,refunded,STRIPE
PAY_500911,SUB_30453,2025-06-04,79.0,paid,CREDIT_CARD
PAY_500912,SUB_30454,2025-10-07,79.0,PAID,CREDIT_CARD
PAY_500913,SUB_30455,2025-05-21,499.0,PAID,ACH
PAY_500914,SUB_30456,2025-07-06,79.0,refunded,STRIPE
PAY_500915,SUB_30456,2025-08-06,79.0,failed,CREDIT_CARD
PAY_500916,SUB_30457,2025-09-23,29.0,PAID,CREDIT_CARD
PAY_500917,SUB_30458,2025-08-06,79.0,PAID,ACH
PAY_500918,SUB_30459,2025-10-14,79.0,PAID,PAYPAL
PAY_500919,SUB_30459,2025-11-14,79.0,refunded,STRIPE
PAY_500920,SUB_30459,2025-12-16,79.0,refunded,PAYPAL
PAY_500921,SUB_30460,2025-02-09,79.0,failed,CREDIT_CARD
PAY_500922,SUB_30460,2025-03-13,79.0,paid,PAYPAL
PAY_500923,SUB_30461,2025-06-20,79.0,PAID,CREDIT_CARD
PAY_500924,SUB_30462,2025-10-03,499.0,PAID,ACH
PAY_500925,SUB_30462,2025-11-03,499.0,paid,STRIPE
PAY_500926,SUB_30463,2025-10-22,79.0,failed,CREDIT_CARD
PAY_500927,SUB_30464,2025-04-10,499.0,failed,STRIPE
PAY_500928,SUB_30464,2025-05-10,499.0,failed,CREDIT_CARD
PAY_500929,SUB_30464,2025-06-10,499.0,failed,PAYPAL
PAY_500930,SUB_30465,2025-05-22,29.0,PAID,STRIPE
PAY_500931,SUB_30465,2025-06-20,29.0,failed,PAYPAL
PAY_500932,SUB_30465,2025-07-21,29.0,PAID,PAYPAL
PAY_500933,SUB_30465,2025-08-18,29.0,failed,PAYPAL
PAY_500934,SUB_30466,2025-08-13,79.0,paid,CREDIT_CARD
PAY_500935,SUB_30466,2025-09-09,79.0,PAID,PAYPAL
PAY_500936,SUB_30466,2025-10-11,79.0,refunded,CREDIT_CARD
PAY_500937,SUB_30467,2025-03-12,79.0,refunded,CREDIT_CARD
PAY_500938,SUB_30467,2025-04-10,79.0,failed,STRIPE
PAY_500939,SUB_30468,2025-11-09,29.0,failed,ACH
PAY_500940,SUB_30468,2025-12-08,29.0,paid,ACH
PAY_500941,SUB_30468,2026-01-09,29.0,refunded,STRIPE
PAY_500942,SUB_30469,2025-11-11,79.0,PAID,PAYPAL
PAY_500943,SUB_30470,2025-07-10,29.0,refunded,PAYPAL
PAY_500944,SUB_30471,2025-08-13,79.0,paid,STRIPE
PAY_500945,SUB_30472,2025-04-30,29.0,failed,STRIPE
PAY_500946,SUB_30473,2025-01-19,79.0,paid,PAYPAL
PAY_500947,SUB_30474,2025-08-11,79.0,refunded,ACH
PAY_500948,SUB_30475,2025-10-01,-79.0,refunded,PAYPAL
PAY_500949,SUB_30476,2025-12-31,29.0,PAID,PAYPAL
PAY_500950,SUB_30477,2025-03-01,29.0,paid,ACH
PAY_500951,SUB_30477,2025-03-29,29.0,paid,CREDIT_CARD
PAY_500952,SUB_30477,2025-04-29,29.0,paid,PAYPAL
PAY_500953,SUB_30477,2025-05-30,29.0,failed,STRIPE
PAY_500954,SUB_30478,2025-01-09,29.0,PAID,ACH
PAY_500955,SUB_30478,2025-02-05,29.0,failed,PAYPAL
PAY_500956,SUB_30478,2025-03-09,29.0,paid,PAYPAL
PAY_500957,SUB_30478,2025-04-06,29.0,paid,ACH
PAY_500958,SUB_30479,2025-12-27,79.0,failed,ACH
PAY_500959,SUB_30480,2025-05-02,499.0,failed,PAYPAL
PAY_500960,SUB_30480,2025-05-31,499.0,paid,STRIPE
PAY_500961,SUB_30480,2025-06-28,499.0,paid,STRIPE
PAY_500962,SUB_30480,2025-07-30,499.0,PAID,ACH
PAY_500963,SUB_30481,2025-03-23,79.0,PAID,CREDIT_CARD
PAY_500964,SUB_30482,2025-10-08,29.0,failed,CREDIT_CARD
PAY_500965,SUB_30483,2025-03-30,79.0,PAID,PAYPAL
PAY_500966,SUB_30483,2025-04-28,79.0,refunded,CREDIT_CARD
PAY_500967,SUB_30483,2025-05-28,79.0,failed,ACH
PAY_500968,SUB_30483,2025-06-27,79.0,refunded,STRIPE
PAY_500969,SUB_30484,2025-02-08,29.0,failed,PAYPAL
PAY_500970,SUB_30485,2025-07-12,-29.0,paid,PAYPAL
PAY_500971,SUB_30485,2025-08-14,29.0,failed,CREDIT_CARD
PAY_500972,SUB_30485,2025-09-13,29.0,refunded,STRIPE
PAY_500973,SUB_30486,2025-02-28,499.0,PAID,PAYPAL
PAY_500974,SUB_30487,2025-06-27,29.0,refunded,CREDIT_CARD
PAY_500975,SUB_30488,2025-12-21,79.0,failed,STRIPE
PAY_500976,SUB_30488,2026-01-20,79.0,PAID,CREDIT_CARD
PAY_500977,SUB_30488,2026-02-17,79.0,paid,CREDIT_CARD
PAY_500978,SUB_30488,2026-03-20,79.0,failed,CREDIT_CARD
PAY_500979,SUB_30489,2025-10-23,29.0,failed,PAYPAL
PAY_500980,SUB_30490,2025-09-02,499.0,paid,PAYPAL
PAY_500981,SUB_30491,2025-01-04,499.0,paid,PAYPAL
PAY_500982,SUB_30491,2025-02-03,499.0,refunded,PAYPAL
PAY_500983,SUB_30491,2025-03-05,499.0,paid,CREDIT_CARD
PAY_500984,SUB_30491,2025-04-03,-499.0,paid,STRIPE
PAY_500985,SUB_30492,2025-08-01,499.0,refunded,STRIPE
PAY_500986,SUB_30492,2025-09-01,499.0,paid,PAYPAL
PAY_500987,SUB_30492,2025-09-29,499.0,refunded,ACH
PAY_500988,SUB_30493,2025-03-18,79.0,failed,PAYPAL
PAY_500989,SUB_30494,2025-04-17,79.0,failed,CREDIT_CARD
PAY_500990,SUB_30494,2025-05-16,-79.0,PAID,PAYPAL
PAY_500991,SUB_30494,2025-06-18,79.0,refunded,CREDIT_CARD
PAY_500992,SUB_30495,2025-04-02,499.0,PAID,STRIPE
PAY_500993,SUB_30496,2025-05-23,79.0,paid,CREDIT_CARD
PAY_500994,SUB_30497,2025-07-08,29.0,paid,ACH
PAY_500995,SUB_30497,2025-08-06,29.0,paid,CREDIT_CARD
PAY_500996,SUB_30497,2025-09-06,-29.0,paid,STRIPE
PAY_500997,SUB_30497,2025-10-06,29.0,refunded,PAYPAL
PAY_500998,SUB_30498,2025-04-09,29.0,paid,CREDIT_CARD
PAY_500999,SUB_30499,2025-02-15,499.0,PAID,ACH
PAY_501000,SUB_30500,2025-07-29,79.0,failed,CREDIT_CARD
PAY_501001,SUB_30500,2025-08-25,79.0,failed,ACH
PAY_501002,SUB_30500,2025-09-27,79.0,failed,ACH
PAY_501003,SUB_30500,2025-10-25,79.0,failed,PAYPAL
PAY_501004,SUB_30501,2025-11-25,499.0,paid,ACH
PAY_501005,SUB_30502,2025-08-03,79.0,failed,ACH
PAY_501006,SUB_30503,2025-01-16,79.0,refunded,STRIPE
PAY_501007,SUB_30504,2025-08-07,79.0,PAID,PAYPAL
PAY_501008,SUB_30505,2025-09-16,29.0,failed,PAYPAL
PAY_501009,SUB_30506,2025-12-17,29.0,failed,ACH
PAY_501010,SUB_30507,2025-07-15,79.0,paid,PAYPAL
PAY_501011,SUB_30507,2025-08-12,79.0,PAID,PAYPAL
PAY_501012,SUB_30507,2025-09-11,79.0,refunded,PAYPAL
PAY_501013,SUB_30508,2025-05-16,79.0,PAID,STRIPE
PAY_501014,SUB_30509,2025-12-03,79.0,PAID,PAYPAL
PAY_501015,SUB_30510,2025-08-09,499.0,refunded,CREDIT_CARD
PAY_501016,SUB_30510,2025-09-07,499.0,paid,STRIPE
PAY_501017,SUB_30510,2025-10-09,499.0,PAID,ACH
PAY_501018,SUB_30510,2025-11-07,499.0,PAID,STRIPE
PAY_501019,SUB_30511,2025-02-20,29.0,PAID,CREDIT_CARD
PAY_501020,SUB_30512,2025-03-31,499.0,refunded,CREDIT_CARD
PAY_501021,SUB_30513,2025-07-07,499.0,paid,PAYPAL
PAY_501022,SUB_30514,2025-10-11,499.0,failed,ACH
PAY_501023,SUB_30514,2025-11-08,499.0,PAID,STRIPE
PAY_501024,SUB_30514,2025-12-07,499.0,PAID,ACH
PAY_501025,SUB_30515,2025-05-06,79.0,PAID,CREDIT_CARD
PAY_501026,SUB_30516,2025-09-24,79.0,refunded,PAYPAL
PAY_501027,SUB_30517,2025-11-20,79.0,PAID,ACH
PAY_501028,SUB_30517,2025-12-20,79.0,paid,PAYPAL
PAY_501029,SUB_30517,2026-01-19,79.0,failed,STRIPE
PAY_501030,SUB_30518,2025-02-10,499.0,failed,ACH
PAY_501031,SUB_30518,2025-03-10,499.0,paid,ACH
PAY_501032,SUB_30518,2025-04-12,499.0,paid,ACH
PAY_501033,SUB_30519,2025-03-30,79.0,refunded,PAYPAL
PAY_501034,SUB_30520,2025-05-10,79.0,failed,CREDIT_CARD
PAY_501035,SUB_30521,2025-09-14,29.0,refunded,PAYPAL
PAY_501036,SUB_30521,2025-10-14,29.0,failed,PAYPAL
PAY_501037,SUB_30521,2025-11-14,29.0,refunded,STRIPE
PAY_501038,SUB_30522,2025-05-01,79.0,refunded,STRIPE
PAY_501039,SUB_30523,2025-10-31,499.0,PAID,STRIPE
PAY_501040,SUB_30523,2025-11-29,499.0,paid,PAYPAL
PAY_501041,SUB_30524,2025-11-24,79.0,paid,CREDIT_CARD
PAY_501042,SUB_30525,2025-06-04,499.0,paid,CREDIT_CARD
PAY_501043,SUB_30526,2025-09-28,79.0,refunded,CREDIT_CARD
PAY_501044,SUB_30526,2025-10-28,79.0,failed,CREDIT_CARD
PAY_501045,SUB_30527,2025-11-27,79.0,refunded,ACH
PAY_501046,SUB_30527,2025-12-27,79.0,PAID,ACH
PAY_501047,SUB_30527,2026-01-25,79.0,failed,CREDIT_CARD
PAY_501048,SUB_30527,2026-02-25,79.0,paid,CREDIT_CARD
PAY_501049,SUB_30528,2025-10-31,79.0,refunded,STRIPE
PAY_501050,SUB_30528,2025-12-02,79.0,PAID,ACH
PAY_501051,SUB_30528,2025-12-29,79.0,refunded,CREDIT_CARD
PAY_501052,SUB_30528,2026-01-29,79.0,paid,CREDIT_CARD
PAY_501053,SUB_30529,2025-02-28,79.0,PAID,ACH
PAY_501054,SUB_30530,2025-07-29,29.0,PAID,STRIPE
PAY_501055,SUB_30530,2025-08-30,29.0,paid,PAYPAL
PAY_501056,SUB_30530,2025-09-27,29.0,paid,PAYPAL
PAY_501057,SUB_30530,2025-10-28,29.0,PAID,ACH
PAY_501058,SUB_30531,2025-03-29,79.0,PAID,ACH
PAY_501059,SUB_30531,2025-04-27,79.0,PAID,STRIPE
PAY_501060,SUB_30531,2025-05-28,79.0,refunded,STRIPE
PAY_501061,SUB_30531,2025-06-28,79.0,paid,CREDIT_CARD
PAY_501062,SUB_30532,2025-03-12,499.0,paid,ACH
PAY_501063,SUB_30533,2025-08-24,29.0,PAID,PAYPAL
PAY_501064,SUB_30534,2025-02-26,79.0,paid,STRIPE
PAY_501065,SUB_30534,2025-03-27,79.0,refunded,STRIPE
PAY_501066,SUB_30534,2025-04-28,79.0,PAID,ACH
PAY_501067,SUB_30534,2025-05-28,79.0,paid,STRIPE
PAY_501068,SUB_30535,2026-01-03,79.0,PAID,PAYPAL
PAY_501069,SUB_30536,2025-02-01,29.0,PAID,PAYPAL
PAY_501070,SUB_30536,2025-03-01,29.0,failed,ACH
PAY_501071,SUB_30536,2025-04-03,29.0,paid,CREDIT_CARD
PAY_501072,SUB_30537,2025-11-01,499.0,paid,PAYPAL
PAY_501073,SUB_30537,2025-12-04,499.0,failed,CREDIT_CARD
PAY_501074,SUB_30538,2025-07-03,499.0,PAID,PAYPAL
PAY_501075,SUB_30539,2025-01-06,29.0,failed,CREDIT_CARD
PAY_501076,SUB_30540,2025-05-21,499.0,refunded,CREDIT_CARD
PAY_501077,SUB_30540,2025-06-22,499.0,failed,PAYPAL
PAY_501078,SUB_30540,2025-07-20,499.0,refunded,PAYPAL
PAY_501079,SUB_30540,2025-08-22,499.0,refunded,ACH
PAY_501080,SUB_30541,2025-04-11,-79.0,refunded,STRIPE
PAY_501081,SUB_30541,2025-05-11,79.0,paid,STRIPE
PAY_501082,SUB_30541,2025-06-13,79.0,paid,PAYPAL
PAY_501083,SUB_30542,2025-08-04,79.0,refunded,STRIPE
PAY_501084,SUB_30542,2025-09-04,79.0,failed,ACH
PAY_501085,SUB_30542,2025-10-05,79.0,refunded,PAYPAL
PAY_501086,SUB_30543,2025-04-08,29.0,PAID,CREDIT_CARD
PAY_501087,SUB_30544,2025-04-28,79.0,PAID,PAYPAL
PAY_501088,SUB_30545,2025-08-18,79.0,paid,STRIPE
PAY_501089,SUB_30546,2025-06-14,79.0,refunded,STRIPE
PAY_501090,SUB_30547,2025-10-07,79.0,failed,CREDIT_CARD
PAY_501091,SUB_30547,2025-11-08,79.0,failed,PAYPAL
PAY_501092,SUB_30548,2025-01-23,499.0,PAID,STRIPE
PAY_501093,SUB_30548,2025-02-22,499.0,PAID,ACH
PAY_501094,SUB_30548,2025-03-25,499.0,refunded,PAYPAL
PAY_501095,SUB_30549,2025-12-18,-29.0,refunded,CREDIT_CARD
PAY_501096,SUB_30550,2025-02-19,79.0,failed,STRIPE
PAY_501097,SUB_30550,2025-03-22,79.0,PAID,STRIPE
PAY_501098,SUB_30551,2025-05-10,29.0,paid,PAYPAL
PAY_501099,SUB_30552,2025-03-02,499.0,failed,ACH
PAY_501100,SUB_30552,2025-04-01,499.0,PAID,STRIPE
PAY_501101,SUB_30553,2025-02-02,79.0,refunded,CREDIT_CARD
PAY_501102,SUB_30554,2025-05-23,499.0,failed,CREDIT_CARD
PAY_501103,SUB_30554,2025-06-24,499.0,PAID,ACH
PAY_501104,SUB_30554,2025-07-21,499.0,refunded,STRIPE
PAY_501105,SUB_30554,2025-08-20,499.0,PAID,PAYPAL
PAY_501106,SUB_30555,2025-06-30,79.0,refunded,ACH
PAY_501107,SUB_30556,2025-09-26,79.0,PAID,STRIPE
PAY_501108,SUB_30556,2025-10-28,79.0,failed,ACH
PAY_501109,SUB_30556,2025-11-25,79.0,paid,CREDIT_CARD
PAY_501110,SUB_30556,2025-12-25,79.0,refunded,ACH
PAY_501111,SUB_30557,2025-07-20,79.0,refunded,ACH
PAY_501112,SUB_30557,2025-08-17,-79.0,failed,CREDIT_CARD
PAY_501113,SUB_30558,2025-12-14,79.0,failed,PAYPAL
PAY_501114,SUB_30559,2025-08-05,79.0,failed,CREDIT_CARD
PAY_501115,SUB_30560,2025-07-14,79.0,refunded,PAYPAL
PAY_501116,SUB_30561,2025-03-23,79.0,refunded,ACH
PAY_501117,SUB_30562,2025-09-05,79.0,paid,CREDIT_CARD
PAY_501118,SUB_30562,2025-10-04,79.0,PAID,PAYPAL
PAY_501119,SUB_30562,2025-11-04,79.0,paid,ACH
PAY_501120,SUB_30562,2025-12-03,79.0,paid,CREDIT_CARD
PAY_501121,SUB_30563,2025-06-07,79.0,refunded,STRIPE
PAY_501122,SUB_30564,2025-07-01,79.0,failed,STRIPE
PAY_501123,SUB_30564,2025-08-01,79.0,paid,STRIPE
PAY_501124,SUB_30564,2025-09-01,79.0,paid,PAYPAL
PAY_501125,SUB_30564,2025-10-01,79.0,refunded,PAYPAL
PAY_501126,SUB_30565,2025-07-23,79.0,refunded,ACH
PAY_501127,SUB_30566,2025-02-07,79.0,failed,ACH
PAY_501128,SUB_30567,2025-03-23,29.0,paid,CREDIT_CARD
PAY_501129,SUB_30567,2025-04-23,29.0,PAID,ACH
PAY_501130,SUB_30567,2025-05-24,29.0,paid,PAYPAL
PAY_501131,SUB_30567,2025-06-20,29.0,failed,STRIPE
PAY_501132,SUB_30568,2025-03-25,499.0,PAID,ACH
PAY_501133,SUB_30568,2025-04-24,499.0,PAID,ACH
PAY_501134,SUB_30568,2025-05-24,499.0,paid,CREDIT_CARD
PAY_501135,SUB_30569,2025-05-16,79.0,refunded,PAYPAL
PAY_501136,SUB_30570,2025-08-17,79.0,failed,PAYPAL
PAY_501137,SUB_30571,2025-09-24,79.0,paid,PAYPAL
PAY_501138,SUB_30572,2025-11-30,29.0,failed,ACH
PAY_501139,SUB_30572,2025-12-29,29.0,failed,PAYPAL
PAY_501140,SUB_30572,2026-01-26,29.0,paid,ACH
PAY_501141,SUB_30572,2026-02-25,29.0,refunded,PAYPAL
PAY_501142,SUB_30573,2025-05-12,29.0,refunded,STRIPE
PAY_501143,SUB_30574,2025-07-12,79.0,paid,PAYPAL
PAY_501144,SUB_30575,2025-10-24,29.0,PAID,PAYPAL
PAY_501145,SUB_30576,2025-06-09,29.0,PAID,PAYPAL
PAY_501146,SUB_30576,2025-07-11,-29.0,paid,CREDIT_CARD
PAY_501147,SUB_30576,2025-08-08,29.0,paid,CREDIT_CARD
PAY_501148,SUB_30576,2025-09-07,29.0,failed,STRIPE
PAY_501149,SUB_30577,2025-08-02,79.0,paid,PAYPAL
PAY_501150,SUB_30577,2025-08-29,79.0,refunded,PAYPAL
PAY_501151,SUB_30577,2025-09-28,79.0,refunded,ACH
PAY_501152,SUB_30577,2025-10-31,79.0,PAID,ACH
PAY_501153,SUB_30578,2025-06-07,79.0,paid,PAYPAL
PAY_501154,SUB_30579,2025-10-27,79.0,PAID,STRIPE
PAY_501155,SUB_30579,2025-11-26,79.0,paid,ACH
PAY_501156,SUB_30579,2025-12-25,79.0,refunded,PAYPAL
PAY_501157,SUB_30579,2026-01-25,79.0,failed,CREDIT_CARD
PAY_501158,SUB_30580,2025-06-03,79.0,refunded,PAYPAL
PAY_501159,SUB_30581,2025-07-31,29.0,paid,PAYPAL
PAY_501160,SUB_30582,2025-11-02,499.0,failed,STRIPE
PAY_501161,SUB_30582,2025-12-01,499.0,paid,CREDIT_CARD
PAY_501162,SUB_30582,2026-01-03,499.0,failed,CREDIT_CARD
PAY_501163,SUB_30583,2025-12-13,79.0,paid,PAYPAL
PAY_501164,SUB_30583,2026-01-11,79.0,PAID,CREDIT_CARD
PAY_501165,SUB_30583,2026-02-12,79.0,failed,PAYPAL
PAY_501166,SUB_30583,2026-03-12,79.0,PAID,ACH
PAY_501167,SUB_30584,2025-06-15,499.0,PAID,PAYPAL
PAY_501168,SUB_30584,2025-07-16,499.0,refunded,PAYPAL
PAY_501169,SUB_30584,2025-08-13,499.0,refunded,ACH
PAY_501170,SUB_30584,2025-09-15,499.0,failed,PAYPAL
PAY_501171,SUB_30585,2025-05-02,499.0,refunded,STRIPE
PAY_501172,SUB_30586,2025-08-13,29.0,failed,ACH
PAY_501173,SUB_30587,2025-10-12,29.0,refunded,STRIPE
PAY_501174,SUB_30587,2025-11-10,29.0,refunded,STRIPE
PAY_501175,SUB_30587,2025-12-09,29.0,failed,STRIPE
PAY_501176,SUB_30587,2026-01-10,29.0,PAID,ACH
PAY_501177,SUB_30588,2025-05-21,29.0,PAID,STRIPE
PAY_501178,SUB_30588,2025-06-22,29.0,PAID,STRIPE
PAY_501179,SUB_30588,2025-07-22,29.0,paid,PAYPAL
PAY_501180,SUB_30588,2025-08-22,29.0,PAID,ACH
PAY_501181,SUB_30589,2025-03-20,79.0,PAID,CREDIT_CARD
PAY_501182,SUB_30589,2025-04-21,79.0,paid,STRIPE
PAY_501183,SUB_30589,2025-05-20,79.0,failed,CREDIT_CARD
PAY_501184,SUB_30590,2025-08-06,29.0,PAID,ACH
PAY_501185,SUB_30590,2025-09-03,29.0,PAID,CREDIT_CARD
PAY_501186,SUB_30590,2025-10-05,29.0,PAID,PAYPAL
PAY_501187,SUB_30590,2025-11-05,29.0,failed,ACH
PAY_501188,SUB_30591,2025-03-17,29.0,refunded,ACH
PAY_501189,SUB_30592,2025-10-05,499.0,paid,STRIPE
PAY_501190,SUB_30592,2025-11-05,499.0,PAID,PAYPAL
PAY_501191,SUB_30593,2025-07-05,499.0,refunded,CREDIT_CARD
PAY_501192,SUB_30594,2025-11-15,79.0,PAID,ACH
PAY_501193,SUB_30595,2025-08-16,-79.0,PAID,PAYPAL
PAY_501194,SUB_30596,2025-04-26,29.0,refunded,STRIPE
PAY_501195,SUB_30597,2025-01-12,29.0,failed,CREDIT_CARD
PAY_501196,SUB_30598,2025-05-15,79.0,refunded,CREDIT_CARD
PAY_501197,SUB_30599,2025-01-27,499.0,paid,CREDIT_CARD
PAY_501198,SUB_30600,2025-08-31,79.0,refunded,STRIPE
PAY_501199,SUB_30601,2025-08-20,499.0,failed,CREDIT_CARD
PAY_501200,SUB_30602,2025-04-12,79.0,paid,ACH
PAY_501201,SUB_30602,2025-05-11,79.0,refunded,ACH
PAY_501202,SUB_30603,2025-10-23,79.0,refunded,STRIPE
PAY_501203,SUB_30603,2025-11-22,79.0,PAID,ACH
PAY_501204,SUB_30603,2025-12-22,79.0,failed,STRIPE
PAY_501205,SUB_30604,2025-11-18,79.0,paid,STRIPE
PAY_501206,SUB_30604,2025-12-20,79.0,paid,STRIPE
PAY_501207,SUB_30605,2025-04-16,79.0,refunded,ACH
PAY_501208,SUB_30605,2025-05-18,79.0,refunded,PAYPAL
PAY_501209,SUB_30606,2025-04-23,79.0,paid,STRIPE
PAY_501210,SUB_30606,2025-05-24,79.0,paid,CREDIT_CARD
PAY_501211,SUB_30607,2025-07-27,79.0,refunded,CREDIT_CARD
PAY_501212,SUB_30608,2025-03-24,29.0,refunded,PAYPAL
PAY_501213,SUB_30609,2025-03-01,79.0,PAID,STRIPE
PAY_501214,SUB_30609,2025-04-01,79.0,failed,CREDIT_CARD
PAY_501215,SUB_30609,2025-05-01,79.0,refunded,ACH
PAY_501216,SUB_30609,2025-05-31,79.0,paid,CREDIT_CARD
PAY_501217,SUB_30610,2025-07-28,499.0,refunded,ACH
PAY_501218,SUB_30611,2025-08-03,79.0,refunded,CREDIT_CARD
PAY_501219,SUB_30612,2025-03-05,79.0,PAID,STRIPE
PAY_501220,SUB_30612,2025-04-05,79.0,refunded,CREDIT_CARD
PAY_501221,SUB_30612,2025-05-04,79.0,paid,PAYPAL
PAY_501222,SUB_30613,2025-11-23,499.0,PAID,STRIPE
PAY_501223,SUB_30614,2025-07-30,79.0,PAID,STRIPE
PAY_501224,SUB_30615,2025-06-30,79.0,paid,PAYPAL
PAY_501225,SUB_30615,2025-07-29,79.0,refunded,ACH
PAY_501226,SUB_30615,2025-08-28,79.0,refunded,ACH
PAY_501227,SUB_30616,2025-12-03,79.0,paid,ACH
PAY_501228,SUB_30617,2025-05-26,79.0,PAID,CREDIT_CARD
PAY_501229,SUB_30618,2025-08-19,499.0,paid,PAYPAL
PAY_501230,SUB_30619,2025-08-03,499.0,PAID,CREDIT_CARD
PAY_501231,SUB_30620,2025-09-24,79.0,PAID,ACH
PAY_501232,SUB_30620,2025-10-22,79.0,refunded,PAYPAL
PAY_501233,SUB_30620,2025-11-23,79.0,failed,ACH
PAY_501234,SUB_30620,2025-12-21,79.0,PAID,STRIPE
PAY_501235,SUB_30621,2025-06-30,29.0,failed,CREDIT_CARD
PAY_501236,SUB_30622,2025-09-08,79.0,paid,STRIPE
PAY_501237,SUB_30622,2025-10-05,79.0,PAID,CREDIT_CARD
PAY_501238,SUB_30623,2025-09-06,79.0,paid,CREDIT_CARD
PAY_501239,SUB_30623,2025-10-06,79.0,PAID,STRIPE
PAY_501240,SUB_30623,2025-11-04,79.0,refunded,STRIPE
PAY_501241,SUB_30623,2025-12-07,79.0,PAID,ACH
PAY_501242,SUB_30624,2025-07-15,79.0,paid,PAYPAL
PAY_501243,SUB_30625,2025-02-26,79.0,paid,ACH
PAY_501244,SUB_30625,2025-03-25,79.0,failed,PAYPAL
PAY_501245,SUB_30625,2025-04-25,79.0,PAID,CREDIT_CARD
PAY_501246,SUB_30625,2025-05-24,79.0,PAID,STRIPE
PAY_501247,SUB_30626,2025-09-17,29.0,refunded,CREDIT_CARD
PAY_501248,SUB_30626,2025-10-16,29.0,PAID,STRIPE
PAY_501249,SUB_30626,2025-11-15,29.0,paid,ACH
PAY_501250,SUB_30626,2025-12-15,29.0,PAID,ACH
PAY_501251,SUB_30627,2025-09-08,79.0,failed,PAYPAL
PAY_501252,SUB_30627,2025-10-05,79.0,paid,STRIPE
PAY_501253,SUB_30628,2025-05-07,29.0,refunded,CREDIT_CARD
PAY_501254,SUB_30629,2025-06-05,29.0,refunded,ACH
PAY_501255,SUB_30629,2025-07-05,29.0,refunded,PAYPAL
PAY_501256,SUB_30629,2025-08-03,29.0,paid,STRIPE
PAY_501257,SUB_30629,2025-09-04,29.0,PAID,CREDIT_CARD
PAY_501258,SUB_30630,2025-05-27,79.0,failed,ACH
PAY_501259,SUB_30630,2025-06-24,79.0,PAID,STRIPE
PAY_501260,SUB_30630,2025-07-25,79.0,paid,ACH
PAY_501261,SUB_30630,2025-08-24,79.0,PAID,STRIPE
PAY_501262,SUB_30631,2025-12-01,79.0,paid,PAYPAL
PAY_501263,SUB_30632,2025-12-13,29.0,PAID,CREDIT_CARD
PAY_501264,SUB_30632,2026-01-13,29.0,paid,CREDIT_CARD
PAY_501265,SUB_30632,2026-02-14,29.0,paid,STRIPE
PAY_501266,SUB_30633,2025-06-09,79.0,refunded,CREDIT_CARD
PAY_501267,SUB_30633,2025-07-10,79.0,paid,CREDIT_CARD
PAY_501268,SUB_30634,2025-11-01,79.0,PAID,ACH
PAY_501269,SUB_30634,2025-12-02,79.0,failed,CREDIT_CARD
PAY_501270,SUB_30634,2025-12-30,79.0,refunded,ACH
PAY_501271,SUB_30635,2025-05-29,499.0,failed,PAYPAL
PAY_501272,SUB_30636,2025-06-18,499.0,paid,ACH
PAY_501273,SUB_30636,2025-07-18,499.0,paid,ACH
PAY_501274,SUB_30636,2025-08-17,499.0,PAID,STRIPE
PAY_501275,SUB_30636,2025-09-17,499.0,failed,STRIPE
PAY_501276,SUB_30637,2025-11-24,29.0,refunded,ACH
PAY_501277,SUB_30638,2025-05-18,29.0,failed,STRIPE
PAY_501278,SUB_30638,2025-06-16,29.0,refunded,STRIPE
PAY_501279,SUB_30638,2025-07-14,29.0,failed,ACH
PAY_501280,SUB_30639,2025-08-15,499.0,failed,PAYPAL
PAY_501281,SUB_30640,2025-11-05,29.0,paid,ACH
PAY_501282,SUB_30641,2025-04-10,499.0,paid,PAYPAL
PAY_501283,SUB_30642,2025-06-22,79.0,PAID,PAYPAL
PAY_501284,SUB_30643,2025-04-15,79.0,paid,PAYPAL
PAY_501285,SUB_30643,2025-05-12,79.0,PAID,CREDIT_CARD
PAY_501286,SUB_30643,2025-06-11,79.0,PAID,ACH
PAY_501287,SUB_30643,2025-07-11,79.0,PAID,STRIPE
PAY_501288,SUB_30644,2025-08-10,79.0,failed,STRIPE
PAY_501289,SUB_30645,2025-05-07,79.0,refunded,STRIPE
PAY_501290,SUB_30646,2025-06-04,29.0,refunded,PAYPAL
PAY_501291,SUB_30647,2025-09-25,29.0,refunded,PAYPAL
PAY_501292,SUB_30647,2025-10-24,29.0,paid,PAYPAL
PAY_501293,SUB_30648,2025-08-10,29.0,refunded,CREDIT_CARD
PAY_501294,SUB_30648,2025-09-06,29.0,failed,STRIPE
PAY_501295,SUB_30648,2025-10-09,29.0,PAID,ACH
PAY_501296,SUB_30648,2025-11-05,29.0,failed,ACH
PAY_501297,SUB_30649,2025-10-08,79.0,refunded,STRIPE
PAY_501298,SUB_30650,2025-03-25,79.0,refunded,ACH
PAY_501299,SUB_30651,2025-04-26,79.0,refunded,ACH
PAY_501300,SUB_30651,2025-05-28,79.0,refunded,ACH
PAY_501301,SUB_30652,2025-08-24,79.0,refunded,PAYPAL
PAY_501302,SUB_30653,2025-07-01,79.0,paid,ACH
PAY_501303,SUB_30653,2025-07-29,79.0,failed,PAYPAL
PAY_501304,SUB_30653,2025-08-27,79.0,refunded,PAYPAL
PAY_501305,SUB_30654,2025-02-12,79.0,failed,STRIPE
PAY_501306,SUB_30654,2025-03-14,79.0,paid,PAYPAL
PAY_501307,SUB_30654,2025-04-12,79.0,paid,STRIPE
PAY_501308,SUB_30655,2025-08-13,29.0,refunded,PAYPAL
PAY_501309,SUB_30656,2025-12-20,79.0,paid,CREDIT_CARD
PAY_501310,SUB_30657,2025-12-28,29.0,failed,CREDIT_CARD
PAY_501311,SUB_30658,2025-07-01,79.0,refunded,ACH
PAY_501312,SUB_30658,2025-08-02,79.0,paid,PAYPAL
PAY_501313,SUB_30658,2025-09-02,79.0,paid,STRIPE
PAY_501314,SUB_30658,2025-10-02,79.0,paid,CREDIT_CARD
PAY_501315,SUB_30659,2025-01-11,-499.0,paid,STRIPE
PAY_501316,SUB_30659,2025-02-11,499.0,failed,CREDIT_CARD
PAY_501317,SUB_30659,2025-03-11,499.0,PAID,STRIPE
PAY_501318,SUB_30659,2025-04-10,499.0,failed,ACH
PAY_501319,SUB_30660,2025-10-10,29.0,paid,PAYPAL
PAY_501320,SUB_30661,2025-03-15,79.0,paid,CREDIT_CARD
PAY_501321,SUB_30661,2025-04-15,79.0,failed,ACH
PAY_501322,SUB_30661,2025-05-14,79.0,PAID,CREDIT_CARD
PAY_501323,SUB_30662,2025-11-11,499.0,refunded,PAYPAL
PAY_501324,SUB_30663,2025-09-20,499.0,PAID,CREDIT_CARD
PAY_501325,SUB_30663,2025-10-19,-499.0,PAID,ACH
PAY_501326,SUB_30663,2025-11-18,499.0,refunded,CREDIT_CARD
PAY_501327,SUB_30664,2025-06-13,79.0,PAID,ACH
PAY_501328,SUB_30664,2025-07-13,79.0,paid,STRIPE
PAY_501329,SUB_30665,2025-02-18,499.0,refunded,PAYPAL
PAY_501330,SUB_30665,2025-03-22,499.0,failed,STRIPE
PAY_501331,SUB_30665,2025-04-19,499.0,refunded,ACH
PAY_501332,SUB_30665,2025-05-22,499.0,paid,PAYPAL
PAY_501333,SUB_30666,2025-03-10,79.0,refunded,ACH
PAY_501334,SUB_30667,2025-08-20,29.0,refunded,PAYPAL
PAY_501335,SUB_30667,2025-09-19,29.0,failed,CREDIT_CARD
PAY_501336,SUB_30667,2025-10-21,29.0,failed,ACH
PAY_501337,SUB_30668,2025-11-16,79.0,failed,ACH
PAY_501338,SUB_30669,2025-07-17,79.0,paid,STRIPE
PAY_501339,SUB_30669,2025-08-16,79.0,paid,ACH
PAY_501340,SUB_30670,2025-09-09,79.0,PAID,CREDIT_CARD
PAY_501341,SUB_30670,2025-10-11,79.0,refunded,CREDIT_CARD
PAY_501342,SUB_30670,2025-11-10,79.0,failed,PAYPAL
PAY_501343,SUB_30671,2025-12-19,79.0,paid,CREDIT_CARD
PAY_501344,SUB_30671,2026-01-19,79.0,PAID,STRIPE
PAY_501345,SUB_30671,2026-02-18,79.0,paid,PAYPAL
PAY_501346,SUB_30671,2026-03-19,79.0,paid,CREDIT_CARD
PAY_501347,SUB_30672,2025-01-18,79.0,PAID,ACH
PAY_501348,SUB_30672,2025-02-15,79.0,PAID,ACH
PAY_501349,SUB_30673,2025-10-11,79.0,PAID,STRIPE
PAY_501350,SUB_30673,2025-11-10,79.0,failed,CREDIT_CARD
PAY_501351,SUB_30673,2025-12-13,79.0,paid,CREDIT_CARD
PAY_501352,SUB_30674,2025-12-14,499.0,PAID,PAYPAL
PAY_501353,SUB_30675,2025-12-09,79.0,paid,PAYPAL
PAY_501354,SUB_30676,2025-11-19,499.0,PAID,CREDIT_CARD
PAY_501355,SUB_30677,2025-02-11,499.0,refunded,PAYPAL
PAY_501356,SUB_30678,2025-03-10,499.0,PAID,STRIPE
PAY_501357,SUB_30679,2025-03-19,79.0,refunded,CREDIT_CARD
PAY_501358,SUB_30680,2025-11-08,499.0,failed,PAYPAL
PAY_501359,SUB_30681,2025-04-06,499.0,failed,CREDIT_CARD
PAY_501360,SUB_30681,2025-05-03,499.0,failed,CREDIT_CARD
PAY_501361,SUB_30681,2025-06-05,499.0,refunded,ACH
PAY_501362,SUB_30681,2025-07-02,499.0,PAID,STRIPE
PAY_501363,SUB_30682,2025-05-27,79.0,failed,ACH
PAY_501364,SUB_30683,2025-08-09,79.0,PAID,CREDIT_CARD
PAY_501365,SUB_30683,2025-09-08,79.0,paid,CREDIT_CARD
PAY_501366,SUB_30684,2025-03-14,29.0,refunded,ACH
PAY_501367,SUB_30684,2025-04-11,29.0,failed,PAYPAL
PAY_501368,SUB_30684,2025-05-12,29.0,refunded,STRIPE
PAY_501369,SUB_30684,2025-06-11,29.0,PAID,STRIPE
PAY_501370,SUB_30685,2025-12-20,499.0,paid,PAYPAL
PAY_501371,SUB_30686,2025-06-17,79.0,paid,PAYPAL
PAY_501372,SUB_30686,2025-07-17,79.0,refunded,PAYPAL
PAY_501373,SUB_30687,2025-07-14,79.0,paid,ACH
PAY_501374,SUB_30687,2025-08-13,79.0,failed,CREDIT_CARD
PAY_501375,SUB_30688,2025-10-15,79.0,refunded,PAYPAL
PAY_501376,SUB_30689,2025-02-07,29.0,failed,PAYPAL
PAY_501377,SUB_30689,2025-03-11,29.0,failed,ACH
PAY_501378,SUB_30689,2025-04-08,29.0,refunded,CREDIT_CARD
PAY_501379,SUB_30690,2025-08-14,79.0,PAID,ACH
PAY_501380,SUB_30691,2025-05-28,29.0,failed,CREDIT_CARD
PAY_501381,SUB_30691,2025-06-28,29.0,paid,ACH
PAY_501382,SUB_30692,2025-09-21,79.0,failed,PAYPAL
PAY_501383,SUB_30692,2025-10-22,79.0,paid,CREDIT_CARD
PAY_501384,SUB_30693,2025-10-03,499.0,PAID,STRIPE
PAY_501385,SUB_30694,2025-01-24,29.0,refunded,ACH
PAY_501386,SUB_30695,2025-10-25,29.0,failed,CREDIT_CARD
PAY_501387,SUB_30695,2025-11-21,29.0,refunded,PAYPAL
PAY_501388,SUB_30696,2025-02-09,29.0,paid,PAYPAL
PAY_501389,SUB_30697,2025-08-17,499.0,failed,CREDIT_CARD
PAY_501390,SUB_30697,2025-09-16,499.0,failed,PAYPAL
PAY_501391,SUB_30698,2025-06-09,499.0,refunded,CREDIT_CARD
PAY_501392,SUB_30699,2025-07-05,79.0,refunded,CREDIT_CARD
PAY_501393,SUB_30699,2025-08-04,79.0,PAID,PAYPAL
PAY_501394,SUB_30699,2025-09-05,79.0,refunded,CREDIT_CARD
PAY_501395,SUB_30699,2025-10-04,79.0,refunded,ACH
PAY_501396,SUB_30700,2025-02-28,79.0,failed,STRIPE
PAY_501397,SUB_30701,2025-07-16,29.0,PAID,ACH
PAY_501398,SUB_30702,2025-08-19,499.0,PAID,STRIPE
PAY_501399,SUB_30703,2025-07-13,79.0,failed,ACH
PAY_501400,SUB_30703,2025-08-11,79.0,PAID,CREDIT_CARD
PAY_501401,SUB_30704,2025-02-02,499.0,PAID,PAYPAL
PAY_501402,SUB_30705,2025-10-11,79.0,paid,PAYPAL
PAY_501403,SUB_30706,2025-07-24,79.0,failed,PAYPAL
PAY_501404,SUB_30707,2025-05-04,79.0,PAID,PAYPAL
PAY_501405,SUB_30708,2025-07-31,79.0,failed,PAYPAL
PAY_501406,SUB_30708,2025-09-01,79.0,paid,CREDIT_CARD
PAY_501407,SUB_30709,2025-02-25,79.0,PAID,PAYPAL
PAY_501408,SUB_30710,2025-03-08,79.0,PAID,PAYPAL
PAY_501409,SUB_30710,2025-04-06,79.0,paid,ACH
PAY_501410,SUB_30710,2025-05-06,79.0,refunded,PAYPAL
PAY_501411,SUB_30710,2025-06-07,79.0,failed,ACH
PAY_501412,SUB_30711,2025-12-19,499.0,failed,STRIPE
PAY_501413,SUB_30711,2026-01-20,499.0,paid,STRIPE
PAY_501414,SUB_30711,2026-02-17,499.0,paid,CREDIT_CARD
PAY_501415,SUB_30712,2025-10-19,29.0,refunded,CREDIT_CARD
PAY_501416,SUB_30713,2025-10-09,499.0,refunded,ACH
PAY_501417,SUB_30713,2025-11-07,499.0,refunded,ACH
PAY_501418,SUB_30713,2025-12-07,499.0,paid,STRIPE
PAY_501419,SUB_30713,2026-01-06,499.0,paid,CREDIT_CARD
PAY_501420,SUB_30714,2025-06-04,499.0,PAID,PAYPAL
PAY_501421,SUB_30714,2025-07-04,499.0,failed,CREDIT_CARD
PAY_501422,SUB_30715,2025-06-21,79.0,paid,CREDIT_CARD
PAY_501423,SUB_30716,2025-08-13,499.0,paid,STRIPE
PAY_501424,SUB_30717,2025-10-08,29.0,refunded,STRIPE
PAY_501425,SUB_30717,2025-11-08,29.0,PAID,STRIPE
PAY_501426,SUB_30717,2025-12-10,29.0,failed,ACH
PAY_501427,SUB_30717,2026-01-08,29.0,refunded,PAYPAL
PAY_501428,SUB_30718,2025-07-18,499.0,paid,PAYPAL
PAY_501429,SUB_30719,2025-05-01,79.0,refunded,STRIPE
PAY_501430,SUB_30719,2025-05-28,79.0,PAID,PAYPAL
PAY_501431,SUB_30719,2025-06-27,79.0,PAID,CREDIT_CARD
PAY_501432,SUB_30720,2025-11-04,29.0,failed,STRIPE
PAY_501433,SUB_30720,2025-12-05,29.0,refunded,CREDIT_CARD
PAY_501434,SUB_30720,2026-01-05,-29.0,failed,PAYPAL
PAY_501435,SUB_30720,2026-02-05,29.0,failed,CREDIT_CARD
PAY_501436,SUB_30721,2025-04-29,79.0,PAID,PAYPAL
PAY_501437,SUB_30721,2025-05-26,79.0,failed,CREDIT_CARD
PAY_501438,SUB_30722,2025-04-10,499.0,PAID,ACH
PAY_501439,SUB_30723,2025-08-09,79.0,PAID,CREDIT_CARD
PAY_501440,SUB_30723,2025-09-06,79.0,refunded,PAYPAL
PAY_501441,SUB_30724,2025-11-25,499.0,paid,ACH
PAY_501442,SUB_30725,2025-01-20,499.0,PAID,ACH
PAY_501443,SUB_30726,2025-11-26,79.0,failed,STRIPE
PAY_501444,SUB_30727,2025-09-23,79.0,refunded,STRIPE
PAY_501445,SUB_30728,2025-07-08,79.0,PAID,PAYPAL
PAY_501446,SUB_30729,2025-11-25,29.0,paid,ACH
PAY_501447,SUB_30730,2025-11-02,79.0,failed,PAYPAL
PAY_501448,SUB_30731,2025-12-06,499.0,paid,PAYPAL
PAY_501449,SUB_30731,2026-01-06,499.0,PAID,PAYPAL
PAY_501450,SUB_30732,2025-06-08,499.0,refunded,PAYPAL
PAY_501451,SUB_30732,2025-07-07,499.0,refunded,STRIPE
PAY_501452,SUB_30732,2025-08-05,499.0,paid,STRIPE
PAY_501453,SUB_30733,2026-01-03,79.0,paid,PAYPAL
PAY_501454,SUB_30734,2025-02-15,79.0,PAID,ACH
PAY_501455,SUB_30735,2025-03-27,79.0,refunded,PAYPAL
PAY_501456,SUB_30735,2025-04-27,79.0,paid,STRIPE
PAY_501457,SUB_30736,2025-06-09,29.0,refunded,PAYPAL
PAY_501458,SUB_30736,2025-07-10,29.0,failed,ACH
PAY_501459,SUB_30736,2025-08-08,29.0,paid,STRIPE
PAY_501460,SUB_30737,2025-01-20,29.0,refunded,PAYPAL
PAY_501461,SUB_30737,2025-02-16,29.0,paid,ACH
PAY_501462,SUB_30738,2025-03-19,79.0,PAID,ACH
PAY_501463,SUB_30738,2025-04-19,79.0,failed,CREDIT_CARD
PAY_501464,SUB_30738,2025-05-18,79.0,refunded,PAYPAL
PAY_501465,SUB_30738,2025-06-17,79.0,refunded,CREDIT_CARD
PAY_501466,SUB_30739,2025-04-28,499.0,paid,STRIPE
PAY_501467,SUB_30740,2025-07-31,499.0,refunded,CREDIT_CARD
PAY_501468,SUB_30741,2025-06-30,79.0,failed,ACH
PAY_501469,SUB_30741,2025-08-01,79.0,refunded,STRIPE
PAY_501470,SUB_30741,2025-08-30,79.0,PAID,STRIPE
PAY_501471,SUB_30741,2025-09-28,79.0,PAID,CREDIT_CARD
PAY_501472,SUB_30742,2025-03-14,29.0,PAID,CREDIT_CARD
PAY_501473,SUB_30742,2025-04-13,29.0,paid,STRIPE
PAY_501474,SUB_30742,2025-05-12,29.0,refunded,STRIPE
PAY_501475,SUB_30743,2025-04-06,79.0,refunded,ACH
PAY_501476,SUB_30743,2025-05-07,79.0,paid,STRIPE
PAY_501477,SUB_30744,2025-08-23,79.0,PAID,STRIPE
PAY_501478,SUB_30744,2025-09-20,79.0,paid,CREDIT_CARD
PAY_501479,SUB_30744,2025-10-21,79.0,failed,PAYPAL
PAY_501480,SUB_30745,2025-12-29,499.0,failed,ACH
PAY_501481,SUB_30746,2025-03-04,499.0,failed,CREDIT_CARD
PAY_501482,SUB_30746,2025-04-05,499.0,refunded,STRIPE
PAY_501483,SUB_30746,2025-05-04,499.0,PAID,PAYPAL
PAY_501484,SUB_30747,2025-12-11,79.0,PAID,CREDIT_CARD
PAY_501485,SUB_30748,2025-07-27,79.0,failed,CREDIT_CARD
PAY_501486,SUB_30749,2025-03-17,79.0,paid,STRIPE
PAY_501487,SUB_30750,2025-10-20,79.0,PAID,PAYPAL
PAY_501488,SUB_30751,2025-10-19,79.0,PAID,STRIPE
PAY_501489,SUB_30751,2025-11-19,79.0,PAID,STRIPE
PAY_501490,SUB_30751,2025-12-16,79.0,failed,STRIPE
PAY_501491,SUB_30752,2025-08-14,29.0,paid,CREDIT_CARD
PAY_501492,SUB_30752,2025-09-15,29.0,failed,CREDIT_CARD
PAY_501493,SUB_30752,2025-10-16,29.0,PAID,STRIPE
PAY_501494,SUB_30753,2025-08-08,79.0,failed,STRIPE
PAY_501495,SUB_30753,2025-09-06,79.0,PAID,STRIPE
PAY_501496,SUB_30753,2025-10-06,79.0,paid,ACH
PAY_501497,SUB_30753,2025-11-06,79.0,PAID,PAYPAL
PAY_501498,SUB_30754,2025-09-26,79.0,PAID,STRIPE
PAY_501499,SUB_30755,2025-10-08,79.0,paid,ACH
PAY_501500,SUB_30755,2025-11-06,79.0,PAID,PAYPAL
PAY_501501,SUB_30755,2025-12-09,79.0,PAID,CREDIT_CARD
PAY_501502,SUB_30755,2026-01-05,79.0,refunded,STRIPE
PAY_501503,SUB_30756,2025-10-22,29.0,refunded,CREDIT_CARD
PAY_501504,SUB_30756,2025-11-19,29.0,failed,PAYPAL
PAY_501505,SUB_30756,2025-12-19,29.0,refunded,PAYPAL
PAY_501506,SUB_30757,2025-12-24,79.0,paid,CREDIT_CARD
PAY_501507,SUB_30757,2026-01-26,79.0,failed,CREDIT_CARD
PAY_501508,SUB_30757,2026-02-22,79.0,refunded,CREDIT_CARD
PAY_501509,SUB_30758,2025-02-07,499.0,refunded,CREDIT_CARD
PAY_501510,SUB_30759,2025-02-11,79.0,paid,CREDIT_CARD
PAY_501511,SUB_30759,2025-03-14,79.0,failed,PAYPAL
PAY_501512,SUB_30759,2025-04-12,79.0,PAID,STRIPE
PAY_501513,SUB_30760,2025-07-04,29.0,refunded,PAYPAL
PAY_501514,SUB_30760,2025-08-03,29.0,PAID,PAYPAL
PAY_501515,SUB_30760,2025-09-03,29.0,PAID,STRIPE
PAY_501516,SUB_30760,2025-09-30,29.0,refunded,CREDIT_CARD
PAY_501517,SUB_30761,2025-07-02,29.0,refunded,CREDIT_CARD
PAY_501518,SUB_30761,2025-07-31,29.0,failed,PAYPAL
PAY_501519,SUB_30761,2025-09-01,29.0,failed,ACH
PAY_501520,SUB_30761,2025-09-30,29.0,paid,CREDIT_CARD
PAY_501521,SUB_30762,2025-04-18,79.0,failed,ACH
PAY_501522,SUB_30763,2025-10-18,79.0,PAID,CREDIT_CARD
PAY_501523,SUB_30764,2025-03-29,29.0,failed,PAYPAL
PAY_501524,SUB_30765,2025-09-02,79.0,PAID,STRIPE
PAY_501525,SUB_30766,2025-05-13,29.0,PAID,STRIPE
PAY_501526,SUB_30766,2025-06-12,29.0,PAID,PAYPAL
PAY_501527,SUB_30766,2025-07-12,29.0,paid,ACH
PAY_501528,SUB_30767,2025-06-19,79.0,PAID,ACH
PAY_501529,SUB_30767,2025-07-20,79.0,PAID,CREDIT_CARD
PAY_501530,SUB_30767,2025-08-18,79.0,refunded,STRIPE
PAY_501531,SUB_30768,2025-03-11,79.0,paid,ACH
PAY_501532,SUB_30769,2025-10-09,29.0,failed,PAYPAL
PAY_501533,SUB_30769,2025-11-08,29.0,PAID,PAYPAL
PAY_501534,SUB_30769,2025-12-10,29.0,paid,ACH
PAY_501535,SUB_30770,2025-08-04,79.0,PAID,PAYPAL
PAY_501536,SUB_30771,2025-12-16,29.0,paid,CREDIT_CARD
PAY_501537,SUB_30771,2026-01-14,29.0,paid,STRIPE
PAY_501538,SUB_30772,2025-07-07,79.0,PAID,STRIPE
PAY_501539,SUB_30772,2025-08-05,79.0,failed,ACH
PAY_501540,SUB_30772,2025-09-04,79.0,paid,ACH
PAY_501541,SUB_30773,2025-03-23,29.0,failed,STRIPE
PAY_501542,SUB_30774,2025-03-26,79.0,paid,STRIPE
PAY_501543,SUB_30775,2025-02-23,79.0,failed,ACH
PAY_501544,SUB_30776,2025-04-22,79.0,PAID,PAYPAL
PAY_501545,SUB_30776,2025-05-22,79.0,failed,ACH
PAY_501546,SUB_30776,2025-06-20,79.0,failed,PAYPAL
PAY_501547,SUB_30776,2025-07-21,79.0,failed,CREDIT_CARD
PAY_501548,SUB_30777,2025-10-15,79.0,PAID,PAYPAL
PAY_501549,SUB_30777,2025-11-14,79.0,paid,ACH
PAY_501550,SUB_30777,2025-12-15,79.0,PAID,CREDIT_CARD
PAY_501551,SUB_30777,2026-01-12,-79.0,failed,PAYPAL
PAY_501552,SUB_30778,2025-01-04,79.0,failed,ACH
PAY_501553,SUB_30779,2025-03-05,79.0,failed,ACH
PAY_501554,SUB_30780,2025-08-09,79.0,paid,CREDIT_CARD
PAY_501555,SUB_30781,2025-12-24,79.0,PAID,ACH
PAY_501556,SUB_30781,2026-01-23,79.0,refunded,CREDIT_CARD
PAY_501557,SUB_30781,2026-02-21,79.0,paid,CREDIT_CARD
PAY_501558,SUB_30782,2025-08-13,29.0,failed,STRIPE
PAY_501559,SUB_30783,2025-02-18,29.0,failed,PAYPAL
PAY_501560,SUB_30783,2025-03-22,29.0,failed,PAYPAL
PAY_501561,SUB_30783,2025-04-19,29.0,paid,ACH
PAY_501562,SUB_30784,2025-03-29,-499.0,refunded,PAYPAL
PAY_501563,SUB_30785,2025-10-14,79.0,paid,STRIPE
PAY_501564,SUB_30785,2025-11-12,79.0,paid,ACH
PAY_501565,SUB_30786,2025-10-31,29.0,paid,CREDIT_CARD
PAY_501566,SUB_30787,2025-02-12,79.0,paid,CREDIT_CARD
PAY_501567,SUB_30787,2025-03-14,79.0,PAID,PAYPAL
PAY_501568,SUB_30788,2025-08-01,29.0,refunded,ACH
PAY_501569,SUB_30789,2025-06-15,79.0,failed,PAYPAL
PAY_501570,SUB_30789,2025-07-15,79.0,failed,CREDIT_CARD
PAY_501571,SUB_30789,2025-08-14,79.0,refunded,ACH
PAY_501572,SUB_30789,2025-09-14,79.0,refunded,CREDIT_CARD
PAY_501573,SUB_30790,2025-04-17,29.0,failed,CREDIT_CARD
PAY_501574,SUB_30791,2025-08-07,79.0,refunded,CREDIT_CARD
PAY_501575,SUB_30792,2025-01-13,499.0,refunded,ACH
PAY_501576,SUB_30793,2025-04-23,29.0,refunded,PAYPAL
PAY_501577,SUB_30794,2025-08-10,79.0,failed,ACH
PAY_501578,SUB_30794,2025-09-09,79.0,failed,ACH
PAY_501579,SUB_30794,2025-10-09,79.0,refunded,STRIPE
PAY_501580,SUB_30795,2025-05-29,79.0,PAID,STRIPE
PAY_501581,SUB_30795,2025-06-30,79.0,paid,STRIPE
PAY_501582,SUB_30796,2025-02-27,79.0,PAID,ACH
PAY_501583,SUB_30797,2025-03-20,79.0,paid,ACH
PAY_501584,SUB_30798,2025-07-13,79.0,refunded,STRIPE
PAY_501585,SUB_30798,2025-08-11,79.0,paid,ACH
PAY_501586,SUB_30798,2025-09-12,79.0,paid,STRIPE
PAY_501587,SUB_30799,2025-01-14,29.0,paid,CREDIT_CARD
PAY_501588,SUB_30799,2025-02-10,29.0,PAID,PAYPAL
PAY_501589,SUB_30799,2025-03-14,29.0,failed,PAYPAL
PAY_501590,SUB_30799,2025-04-13,29.0,paid,STRIPE
PAY_501591,SUB_30800,2025-02-09,79.0,refunded,CREDIT_CARD
PAY_501592,SUB_30800,2025-03-12,79.0,paid,PAYPAL
PAY_501593,SUB_30800,2025-04-13,79.0,PAID,PAYPAL
PAY_501594,SUB_30801,2025-05-15,79.0,refunded,CREDIT_CARD
PAY_501595,SUB_30801,2025-06-16,79.0,refunded,PAYPAL
PAY_501596,SUB_30802,2025-06-23,79.0,PAID,ACH
PAY_501597,SUB_30803,2025-11-27,79.0,refunded,PAYPAL
PAY_501598,SUB_30803,2025-12-27,79.0,failed,ACH
PAY_501599,SUB_30803,2026-01-27,79.0,PAID,CREDIT_CARD
PAY_501600,SUB_30804,2025-09-13,79.0,paid,PAYPAL
PAY_501601,SUB_30804,2025-10-15,79.0,PAID,STRIPE
PAY_501602,SUB_30805,2025-11-18,499.0,PAID,PAYPAL
PAY_501603,SUB_30806,2025-08-29,29.0,refunded,PAYPAL
PAY_501604,SUB_30807,2025-02-20,29.0,refunded,ACH
PAY_501605,SUB_30808,2025-07-19,79.0,failed,STRIPE
PAY_501606,SUB_30808,2025-08-17,79.0,PAID,CREDIT_CARD
PAY_501607,SUB_30808,2025-09-17,79.0,paid,CREDIT_CARD
PAY_501608,SUB_30809,2025-01-28,79.0,failed,PAYPAL
PAY_501609,SUB_30809,2025-02-26,79.0,refunded,ACH
PAY_501610,SUB_30810,2025-02-02,499.0,PAID,STRIPE
PAY_501611,SUB_30811,2025-12-13,29.0,failed,STRIPE
PAY_501612,SUB_30812,2025-12-24,79.0,refunded,PAYPAL
PAY_501613,SUB_30812,2026-01-25,79.0,failed,ACH
PAY_501614,SUB_30812,2026-02-22,79.0,paid,STRIPE
PAY_501615,SUB_30812,2026-03-23,79.0,PAID,CREDIT_CARD
PAY_501616,SUB_30813,2025-08-16,499.0,paid,STRIPE
PAY_501617,SUB_30813,2025-09-15,499.0,failed,ACH
PAY_501618,SUB_30813,2025-10-17,499.0,refunded,PAYPAL
PAY_501619,SUB_30813,2025-11-14,499.0,failed,STRIPE
PAY_501620,SUB_30814,2025-10-24,79.0,paid,PAYPAL
PAY_501621,SUB_30815,2025-03-04,29.0,failed,PAYPAL
PAY_501622,SUB_30816,2025-08-15,499.0,refunded,ACH
PAY_501623,SUB_30817,2025-08-04,499.0,PAID,CREDIT_CARD
PAY_501624,SUB_30818,2025-03-13,79.0,PAID,STRIPE
PAY_501625,SUB_30819,2025-12-12,79.0,paid,CREDIT_CARD
PAY_501626,SUB_30819,2026-01-12,79.0,refunded,STRIPE
PAY_501627,SUB_30819,2026-02-08,79.0,PAID,PAYPAL
PAY_501628,SUB_30819,2026-03-11,79.0,PAID,STRIPE
PAY_501629,SUB_30820,2025-04-29,79.0,PAID,CREDIT_CARD
PAY_501630,SUB_30820,2025-05-27,79.0,paid,PAYPAL
PAY_501631,SUB_30820,2025-06-25,79.0,refunded,STRIPE
PAY_501632,SUB_30820,2025-07-25,79.0,failed,CREDIT_CARD
PAY_501633,SUB_30821,2025-07-07,499.0,failed,ACH
PAY_501634,SUB_30822,2025-05-25,79.0,paid,CREDIT_CARD
PAY_501635,SUB_30822,2025-06-24,79.0,failed,PAYPAL
PAY_501636,SUB_30823,2025-06-07,499.0,paid,STRIPE
PAY_501637,SUB_30823,2025-07-08,499.0,PAID,PAYPAL
PAY_501638,SUB_30823,2025-08-05,499.0,refunded,ACH
PAY_501639,SUB_30823,2025-09-07,499.0,PAID,STRIPE
PAY_501640,SUB_30824,2025-07-31,79.0,PAID,ACH
PAY_501641,SUB_30824,2025-08-31,79.0,PAID,STRIPE
PAY_501642,SUB_30825,2025-07-27,79.0,failed,PAYPAL
PAY_501643,SUB_30826,2025-06-11,79.0,refunded,PAYPAL
PAY_501644,SUB_30826,2025-07-10,79.0,PAID,PAYPAL
PAY_501645,SUB_30827,2025-12-10,499.0,failed,PAYPAL
PAY_501646,SUB_30827,2026-01-12,499.0,refunded,PAYPAL
PAY_501647,SUB_30827,2026-02-11,499.0,failed,ACH
PAY_501648,SUB_30828,2025-08-21,499.0,PAID,CREDIT_CARD
PAY_501649,SUB_30828,2025-09-18,499.0,refunded,CREDIT_CARD
PAY_501650,SUB_30828,2025-10-21,499.0,failed,CREDIT_CARD
PAY_501651,SUB_30829,2025-12-15,499.0,PAID,CREDIT_CARD
PAY_501652,SUB_30829,2026-01-12,499.0,failed,CREDIT_CARD
PAY_501653,SUB_30830,2025-04-28,79.0,paid,ACH
PAY_501654,SUB_30830,2025-05-29,79.0,refunded,CREDIT_CARD
PAY_501655,SUB_30830,2025-06-27,79.0,refunded,CREDIT_CARD
PAY_501656,SUB_30831,2025-01-16,79.0,PAID,PAYPAL
PAY_501657,SUB_30831,2025-02-17,79.0,refunded,CREDIT_CARD
PAY_501658,SUB_30831,2025-03-19,79.0,failed,ACH
PAY_501659,SUB_30831,2025-04-16,79.0,refunded,ACH
PAY_501660,SUB_30832,2025-11-05,499.0,failed,CREDIT_CARD
PAY_501661,SUB_30832,2025-12-07,499.0,refunded,STRIPE
PAY_501662,SUB_30832,2026-01-04,499.0,PAID,PAYPAL
PAY_501663,SUB_30833,2025-05-12,-79.0,paid,CREDIT_CARD
PAY_501664,SUB_30834,2025-04-23,79.0,paid,PAYPAL
PAY_501665,SUB_30834,2025-05-24,79.0,PAID,STRIPE
PAY_501666,SUB_30835,2025-12-08,79.0,failed,PAYPAL
PAY_501667,SUB_30836,2025-12-07,79.0,failed,CREDIT_CARD
PAY_501668,SUB_30837,2025-05-21,79.0,refunded,PAYPAL
PAY_501669,SUB_30838,2025-06-26,79.0,refunded,PAYPAL
PAY_501670,SUB_30838,2025-07-24,79.0,paid,PAYPAL
PAY_501671,SUB_30839,2025-01-31,79.0,failed,STRIPE
PAY_501672,SUB_30840,2025-07-10,79.0,refunded,ACH
PAY_501673,SUB_30841,2025-02-01,29.0,failed,CREDIT_CARD
PAY_501674,SUB_30841,2025-03-02,29.0,paid,CREDIT_CARD
PAY_501675,SUB_30841,2025-04-04,29.0,paid,CREDIT_CARD
PAY_501676,SUB_30841,2025-05-04,29.0,refunded,PAYPAL
PAY_501677,SUB_30842,2025-01-08,29.0,paid,CREDIT_CARD
PAY_501678,SUB_30842,2025-02-07,29.0,paid,CREDIT_CARD
PAY_501679,SUB_30843,2025-06-27,79.0,paid,CREDIT_CARD
PAY_501680,SUB_30843,2025-07-28,79.0,refunded,STRIPE
PAY_501681,SUB_30844,2025-06-04,79.0,refunded,STRIPE
PAY_501682,SUB_30845,2025-09-01,79.0,PAID,PAYPAL
PAY_501683,SUB_30846,2025-11-03,79.0,paid,PAYPAL
PAY_501684,SUB_30847,2025-01-30,79.0,PAID,PAYPAL
PAY_501685,SUB_30847,2025-03-03,79.0,refunded,ACH
PAY_501686,SUB_30847,2025-04-01,79.0,failed,CREDIT_CARD
PAY_501687,SUB_30847,2025-05-02,79.0,refunded,CREDIT_CARD
PAY_501688,SUB_30848,2025-02-09,79.0,paid,CREDIT_CARD
PAY_501689,SUB_30849,2025-10-05,79.0,PAID,ACH
PAY_501690,SUB_30849,2025-11-04,79.0,refunded,PAYPAL
PAY_501691,SUB_30849,2025-12-06,79.0,refunded,PAYPAL
PAY_501692,SUB_30850,2025-02-03,79.0,failed,PAYPAL
PAY_501693,SUB_30850,2025-03-04,79.0,paid,PAYPAL
PAY_501694,SUB_30851,2025-05-18,79.0,PAID,ACH
PAY_501695,SUB_30852,2025-06-17,79.0,refunded,CREDIT_CARD
PAY_501696,SUB_30853,2025-09-05,79.0,paid,ACH
PAY_501697,SUB_30854,2025-01-09,29.0,PAID,ACH
PAY_501698,SUB_30854,2025-02-10,29.0,paid,ACH
PAY_501699,SUB_30854,2025-03-10,29.0,paid,CREDIT_CARD
PAY_501700,SUB_30854,2025-04-09,29.0,paid,ACH
PAY_501701,SUB_30855,2025-12-24,79.0,PAID,CREDIT_CARD
PAY_501702,SUB_30855,2026-01-24,79.0,refunded,STRIPE
PAY_501703,SUB_30856,2025-11-19,79.0,failed,STRIPE
PAY_501704,SUB_30856,2025-12-17,79.0,refunded,CREDIT_CARD
PAY_501705,SUB_30856,2026-01-17,79.0,paid,STRIPE
PAY_501706,SUB_30856,2026-02-17,79.0,failed,STRIPE
PAY_501707,SUB_30857,2025-09-02,29.0,paid,STRIPE
PAY_501708,SUB_30857,2025-09-29,29.0,PAID,CREDIT_CARD
PAY_501709,SUB_30857,2025-11-01,29.0,PAID,ACH
PAY_501710,SUB_30857,2025-11-28,29.0,failed,STRIPE
PAY_501711,SUB_30858,2025-05-25,29.0,paid,ACH
PAY_501712,SUB_30859,2025-08-31,499.0,PAID,CREDIT_CARD
PAY_501713,SUB_30860,2025-11-29,499.0,refunded,ACH
PAY_501714,SUB_30861,2025-01-05,79.0,refunded,PAYPAL
PAY_501715,SUB_30862,2025-08-31,499.0,refunded,STRIPE
PAY_501716,SUB_30863,2025-01-10,79.0,PAID,PAYPAL
PAY_501717,SUB_30863,2025-02-08,79.0,PAID,PAYPAL
PAY_501718,SUB_30864,2025-08-18,79.0,paid,ACH
PAY_501719,SUB_30864,2025-09-17,79.0,PAID,CREDIT_CARD
PAY_501720,SUB_30864,2025-10-17,79.0,refunded,STRIPE
PAY_501721,SUB_30865,2025-08-22,499.0,refunded,ACH
PAY_501722,SUB_30866,2025-02-24,499.0,failed,ACH
PAY_501723,SUB_30866,2025-03-25,499.0,refunded,PAYPAL
PAY_501724,SUB_30867,2025-10-28,79.0,paid,STRIPE
PAY_501725,SUB_30868,2025-09-28,499.0,paid,PAYPAL
PAY_501726,SUB_30868,2025-10-25,499.0,paid,CREDIT_CARD
PAY_501727,SUB_30868,2025-11-25,499.0,paid,ACH
PAY_501728,SUB_30869,2025-11-14,79.0,PAID,PAYPAL
PAY_501729,SUB_30869,2025-12-14,79.0,refunded,CREDIT_CARD
PAY_501730,SUB_30869,2026-01-14,79.0,refunded,ACH
PAY_501731,SUB_30870,2025-06-28,499.0,paid,PAYPAL
PAY_501732,SUB_30871,2025-07-11,79.0,failed,STRIPE
PAY_501733,SUB_30871,2025-08-13,79.0,PAID,ACH
PAY_501734,SUB_30872,2025-03-31,499.0,refunded,ACH
PAY_501735,SUB_30872,2025-05-01,499.0,refunded,CREDIT_CARD
PAY_501736,SUB_30872,2025-06-01,499.0,failed,STRIPE
PAY_501737,SUB_30873,2025-01-22,79.0,paid,STRIPE
PAY_501738,SUB_30873,2025-02-20,79.0,failed,STRIPE
PAY_501739,SUB_30873,2025-03-23,79.0,paid,STRIPE
PAY_501740,SUB_30874,2025-02-25,29.0,refunded,ACH
PAY_501741,SUB_30874,2025-03-26,29.0,refunded,ACH
PAY_501742,SUB_30874,2025-04-25,29.0,PAID,STRIPE
PAY_501743,SUB_30874,2025-05-26,29.0,paid,ACH
PAY_501744,SUB_30875,2025-04-18,79.0,paid,CREDIT_CARD
PAY_501745,SUB_30875,2025-05-20,79.0,PAID,CREDIT_CARD
PAY_501746,SUB_30875,2025-06-19,79.0,paid,PAYPAL
PAY_501747,SUB_30875,2025-07-19,79.0,failed,ACH
PAY_501748,SUB_30876,2025-02-28,29.0,paid,PAYPAL
PAY_501749,SUB_30876,2025-03-28,29.0,paid,PAYPAL
PAY_501750,SUB_30876,2025-04-26,29.0,refunded,ACH
PAY_501751,SUB_30876,2025-05-29,29.0,paid,PAYPAL
PAY_501752,SUB_30877,2025-07-07,79.0,failed,ACH
PAY_501753,SUB_30878,2025-07-03,79.0,paid,CREDIT_CARD
PAY_501754,SUB_30879,2025-08-17,29.0,failed,PAYPAL
PAY_501755,SUB_30879,2025-09-13,29.0,paid,PAYPAL
PAY_501756,SUB_30880,2025-01-10,499.0,refunded,ACH
PAY_501757,SUB_30881,2025-11-27,79.0,PAID,STRIPE
PAY_501758,SUB_30882,2025-10-20,79.0,refunded,ACH
PAY_501759,SUB_30883,2025-04-27,29.0,PAID,ACH
PAY_501760,SUB_30884,2025-01-17,499.0,PAID,CREDIT_CARD
PAY_501761,SUB_30884,2025-02-16,499.0,PAID,CREDIT_CARD
PAY_501762,SUB_30884,2025-03-17,-499.0,PAID,STRIPE
PAY_501763,SUB_30884,2025-04-15,499.0,PAID,ACH
PAY_501764,SUB_30885,2025-06-02,79.0,failed,ACH
PAY_501765,SUB_30886,2025-03-16,79.0,PAID,CREDIT_CARD
PAY_501766,SUB_30886,2025-04-15,79.0,PAID,CREDIT_CARD
PAY_501767,SUB_30887,2025-12-23,79.0,PAID,CREDIT_CARD
PAY_501768,SUB_30887,2026-01-25,79.0,PAID,ACH
PAY_501769,SUB_30887,2026-02-21,79.0,PAID,ACH
PAY_501770,SUB_30888,2025-09-24,79.0,paid,PAYPAL
PAY_501771,SUB_30888,2025-10-25,79.0,PAID,ACH
PAY_501772,SUB_30888,2025-11-23,79.0,failed,CREDIT_CARD
PAY_501773,SUB_30888,2025-12-22,79.0,paid,PAYPAL
PAY_501774,SUB_30889,2025-02-24,29.0,PAID,ACH
PAY_501775,SUB_30889,2025-03-26,29.0,refunded,CREDIT_CARD
PAY_501776,SUB_30889,2025-04-25,29.0,PAID,CREDIT_CARD
PAY_501777,SUB_30890,2025-09-13,79.0,PAID,STRIPE
PAY_501778,SUB_30890,2025-10-13,79.0,refunded,STRIPE
PAY_501779,SUB_30891,2025-06-24,79.0,PAID,PAYPAL
PAY_501780,SUB_30891,2025-07-23,79.0,failed,CREDIT_CARD
PAY_501781,SUB_30892,2025-02-16,499.0,paid,STRIPE
PAY_501782,SUB_30893,2025-09-26,29.0,paid,PAYPAL
PAY_501783,SUB_30894,2025-04-19,79.0,paid,PAYPAL
PAY_501784,SUB_30894,2025-05-17,79.0,refunded,STRIPE
PAY_501785,SUB_30895,2025-02-13,79.0,failed,STRIPE
PAY_501786,SUB_30895,2025-03-12,79.0,paid,CREDIT_CARD
PAY_501787,SUB_30896,2025-01-18,79.0,PAID,PAYPAL
PAY_501788,SUB_30897,2025-12-04,29.0,paid,CREDIT_CARD
PAY_501789,SUB_30897,2026-01-04,-29.0,failed,PAYPAL
PAY_501790,SUB_30897,2026-02-02,29.0,paid,PAYPAL
PAY_501791,SUB_30897,2026-03-04,29.0,PAID,ACH
PAY_501792,SUB_30898,2025-03-20,79.0,refunded,PAYPAL
PAY_501793,SUB_30898,2025-04-18,79.0,paid,CREDIT_CARD
PAY_501794,SUB_30898,2025-05-18,79.0,PAID,STRIPE
PAY_501795,SUB_30898,2025-06-19,79.0,PAID,STRIPE
PAY_501796,SUB_30899,2025-06-10,499.0,refunded,STRIPE
PAY_501797,SUB_30899,2025-07-12,499.0,refunded,STRIPE
PAY_501798,SUB_30899,2025-08-12,499.0,refunded,PAYPAL
PAY_501799,SUB_30900,2025-06-14,79.0,paid,STRIPE
PAY_501800,SUB_30900,2025-07-16,79.0,failed,ACH
PAY_501801,SUB_30901,2025-12-27,79.0,failed,ACH
PAY_501802,SUB_30902,2025-08-12,79.0,refunded,STRIPE
PAY_501803,SUB_30903,2025-09-03,79.0,failed,PAYPAL
PAY_501804,SUB_30903,2025-10-02,79.0,paid,PAYPAL
PAY_501805,SUB_30903,2025-10-30,79.0,refunded,PAYPAL
PAY_501806,SUB_30904,2025-11-22,79.0,PAID,STRIPE
PAY_501807,SUB_30905,2025-12-13,79.0,failed,ACH
PAY_501808,SUB_30906,2025-08-29,79.0,PAID,PAYPAL
PAY_501809,SUB_30907,2025-06-03,79.0,failed,STRIPE
PAY_501810,SUB_30907,2025-07-03,79.0,refunded,STRIPE
PAY_501811,SUB_30907,2025-08-04,79.0,failed,ACH
PAY_501812,SUB_30908,2025-07-16,499.0,failed,STRIPE
PAY_501813,SUB_30909,2025-11-13,499.0,failed,STRIPE
PAY_501814,SUB_30910,2025-09-20,29.0,failed,CREDIT_CARD
PAY_501815,SUB_30910,2025-10-22,29.0,paid,CREDIT_CARD
PAY_501816,SUB_30910,2025-11-19,29.0,paid,STRIPE
PAY_501817,SUB_30911,2025-06-15,79.0,PAID,CREDIT_CARD
PAY_501818,SUB_30911,2025-07-15,79.0,PAID,ACH
PAY_501819,SUB_30912,2025-05-26,79.0,PAID,CREDIT_CARD
PAY_501820,SUB_30913,2025-03-04,79.0,failed,CREDIT_CARD
PAY_501821,SUB_30913,2025-04-05,-79.0,refunded,PAYPAL
PAY_501822,SUB_30913,2025-05-04,79.0,refunded,STRIPE
PAY_501823,SUB_30914,2025-10-22,499.0,failed,PAYPAL
PAY_501824,SUB_30914,2025-11-24,499.0,failed,STRIPE
PAY_501825,SUB_30914,2025-12-23,499.0,PAID,PAYPAL
PAY_501826,SUB_30914,2026-01-23,499.0,paid,STRIPE
PAY_501827,SUB_30915,2025-04-20,79.0,paid,PAYPAL
PAY_501828,SUB_30915,2025-05-19,79.0,failed,CREDIT_CARD
PAY_501829,SUB_30915,2025-06-17,79.0,PAID,PAYPAL
PAY_501830,SUB_30915,2025-07-17,79.0,refunded,CREDIT_CARD
PAY_501831,SUB_30916,2025-09-18,79.0,PAID,PAYPAL
PAY_501832,SUB_30916,2025-10-18,79.0,failed,CREDIT_CARD
PAY_501833,SUB_30916,2025-11-18,79.0,failed,STRIPE
PAY_501834,SUB_30917,2025-10-09,79.0,PAID,STRIPE
PAY_501835,SUB_30917,2025-11-06,79.0,refunded,CREDIT_CARD
PAY_501836,SUB_30917,2025-12-06,79.0,refunded,PAYPAL
PAY_501837,SUB_30917,2026-01-07,79.0,refunded,STRIPE
PAY_501838,SUB_30918,2025-01-28,29.0,failed,PAYPAL
PAY_501839,SUB_30918,2025-02-27,29.0,failed,PAYPAL
PAY_501840,SUB_30919,2025-01-03,29.0,PAID,PAYPAL
PAY_501841,SUB_30920,2025-01-20,499.0,PAID,STRIPE
PAY_501842,SUB_30920,2025-02-20,499.0,refunded,PAYPAL
PAY_501843,SUB_30920,2025-03-21,499.0,failed,ACH
PAY_501844,SUB_30920,2025-04-18,499.0,refunded,ACH
PAY_501845,SUB_30921,2025-07-31,79.0,failed,ACH
PAY_501846,SUB_30922,2025-07-03,79.0,refunded,PAYPAL
PAY_501847,SUB_30922,2025-07-30,79.0,failed,ACH
PAY_501848,SUB_30923,2025-01-05,499.0,failed,ACH
PAY_501849,SUB_30923,2025-02-04,499.0,refunded,CREDIT_CARD
PAY_501850,SUB_30924,2025-01-18,79.0,paid,PAYPAL
PAY_501851,SUB_30924,2025-02-19,79.0,failed,PAYPAL
PAY_501852,SUB_30924,2025-03-21,79.0,paid,ACH
PAY_501853,SUB_30925,2025-02-10,79.0,refunded,CREDIT_CARD
PAY_501854,SUB_30925,2025-03-14,79.0,refunded,CREDIT_CARD
PAY_501855,SUB_30925,2025-04-13,79.0,PAID,CREDIT_CARD
PAY_501856,SUB_30925,2025-05-12,79.0,refunded,STRIPE
PAY_501857,SUB_30926,2025-01-24,79.0,PAID,PAYPAL
PAY_501858,SUB_30926,2025-02-25,79.0,refunded,ACH
PAY_501859,SUB_30926,2025-03-26,79.0,refunded,STRIPE
PAY_501860,SUB_30926,2025-04-24,79.0,refunded,PAYPAL
PAY_501861,SUB_30927,2025-11-05,79.0,failed,PAYPAL
PAY_501862,SUB_30927,2025-12-04,79.0,failed,CREDIT_CARD
PAY_501863,SUB_30928,2025-12-14,79.0,PAID,CREDIT_CARD
PAY_501864,SUB_30929,2025-10-20,29.0,PAID,STRIPE
PAY_501865,SUB_30930,2025-08-13,29.0,refunded,STRIPE
PAY_501866,SUB_30931,2025-09-24,29.0,paid,STRIPE
PAY_501867,SUB_30931,2025-10-22,29.0,failed,ACH
PAY_501868,SUB_30932,2025-12-23,499.0,PAID,CREDIT_CARD
PAY_501869,SUB_30932,2026-01-24,499.0,failed,CREDIT_CARD
PAY_501870,SUB_30933,2025-03-19,499.0,paid,CREDIT_CARD
PAY_501871,SUB_30933,2025-04-15,499.0,failed,PAYPAL
PAY_501872,SUB_30933,2025-05-18,499.0,paid,CREDIT_CARD
PAY_501873,SUB_30933,2025-06-15,499.0,PAID,CREDIT_CARD
PAY_501874,SUB_30934,2025-01-25,79.0,PAID,STRIPE
PAY_501875,SUB_30935,2025-01-22,499.0,failed,PAYPAL
PAY_501876,SUB_30935,2025-02-19,499.0,refunded,PAYPAL
PAY_501877,SUB_30935,2025-03-20,499.0,refunded,CREDIT_CARD
PAY_501878,SUB_30935,2025-04-21,499.0,paid,STRIPE
PAY_501879,SUB_30936,2025-01-21,29.0,PAID,STRIPE
PAY_501880,SUB_30936,2025-02-18,29.0,failed,STRIPE
PAY_501881,SUB_30937,2025-12-13,29.0,failed,STRIPE
PAY_501882,SUB_30938,2025-08-09,499.0,paid,STRIPE
PAY_501883,SUB_30939,2025-04-20,499.0,PAID,STRIPE
PAY_501884,SUB_30940,2025-01-28,79.0,refunded,PAYPAL
PAY_501885,SUB_30940,2025-02-25,79.0,paid,STRIPE
PAY_501886,SUB_30941,2025-09-19,79.0,paid,ACH
PAY_501887,SUB_30941,2025-10-20,79.0,paid,PAYPAL
PAY_501888,SUB_30941,2025-11-21,79.0,PAID,CREDIT_CARD
PAY_501889,SUB_30941,2025-12-19,79.0,paid,CREDIT_CARD
PAY_501890,SUB_30942,2025-05-04,79.0,paid,ACH
PAY_501891,SUB_30942,2025-06-01,79.0,paid,PAYPAL
PAY_501892,SUB_30942,2025-07-01,79.0,PAID,STRIPE
PAY_501893,SUB_30943,2025-09-06,499.0,failed,PAYPAL
PAY_501894,SUB_30943,2025-10-08,499.0,paid,ACH
PAY_501895,SUB_30944,2025-01-12,499.0,refunded,STRIPE
PAY_501896,SUB_30945,2025-01-31,-79.0,PAID,ACH
PAY_501897,SUB_30945,2025-03-03,79.0,failed,ACH
PAY_501898,SUB_30945,2025-04-01,79.0,failed,CREDIT_CARD
PAY_501899,SUB_30946,2025-06-25,499.0,refunded,STRIPE
PAY_501900,SUB_30947,2025-09-25,499.0,failed,STRIPE
PAY_501901,SUB_30948,2025-08-24,29.0,PAID,ACH
PAY_501902,SUB_30949,2025-09-03,499.0,paid,CREDIT_CARD
PAY_501903,SUB_30950,2025-09-23,499.0,failed,STRIPE
PAY_501904,SUB_30950,2025-10-26,499.0,failed,STRIPE
PAY_501905,SUB_30950,2025-11-25,499.0,failed,PAYPAL
PAY_501906,SUB_30951,2025-11-06,29.0,failed,CREDIT_CARD
PAY_501907,SUB_30952,2025-11-10,79.0,paid,CREDIT_CARD
PAY_501908,SUB_30953,2025-02-20,29.0,PAID,STRIPE
PAY_501909,SUB_30953,2025-03-19,29.0,refunded,CREDIT_CARD
PAY_501910,SUB_30954,2025-10-11,79.0,failed,STRIPE
PAY_501911,SUB_30955,2025-05-11,79.0,paid,STRIPE
PAY_501912,SUB_30955,2025-06-10,79.0,PAID,PAYPAL
PAY_501913,SUB_30955,2025-07-09,79.0,refunded,ACH
PAY_501914,SUB_30955,2025-08-09,79.0,refunded,ACH
PAY_501915,SUB_30956,2025-06-28,29.0,refunded,ACH
PAY_501916,SUB_30956,2025-07-27,29.0,paid,CREDIT_CARD
PAY_501917,SUB_30956,2025-08-26,29.0,PAID,ACH
PAY_501918,SUB_30957,2025-02-23,-29.0,PAID,STRIPE
PAY_501919,SUB_30958,2025-03-21,499.0,refunded,ACH
PAY_501920,SUB_30959,2025-08-04,29.0,PAID,ACH
PAY_501921,SUB_30959,2025-09-03,29.0,PAID,STRIPE
PAY_501922,SUB_30960,2025-03-20,79.0,PAID,STRIPE
PAY_501923,SUB_30960,2025-04-19,79.0,refunded,STRIPE
PAY_501924,SUB_30961,2025-08-11,79.0,PAID,STRIPE
PAY_501925,SUB_30961,2025-09-09,79.0,PAID,PAYPAL
PAY_501926,SUB_30961,2025-10-09,79.0,paid,CREDIT_CARD
PAY_501927,SUB_30962,2025-12-10,29.0,failed,CREDIT_CARD
PAY_501928,SUB_30963,2025-07-29,29.0,failed,CREDIT_CARD
PAY_501929,SUB_30964,2025-07-01,79.0,failed,STRIPE
PAY_501930,SUB_30964,2025-08-03,79.0,refunded,STRIPE
PAY_501931,SUB_30965,2025-04-01,499.0,failed,STRIPE
PAY_501932,SUB_30965,2025-05-01,499.0,PAID,STRIPE
PAY_501933,SUB_30965,2025-06-02,499.0,failed,ACH
PAY_501934,SUB_30966,2025-02-09,79.0,paid,CREDIT_CARD
PAY_501935,SUB_30967,2025-05-22,79.0,paid,STRIPE
PAY_501936,SUB_30967,2025-06-23,79.0,failed,PAYPAL
PAY_501937,SUB_30967,2025-07-21,79.0,failed,CREDIT_CARD
PAY_501938,SUB_30968,2025-12-04,29.0,failed,STRIPE
PAY_501939,SUB_30969,2025-09-17,499.0,paid,CREDIT_CARD
PAY_501940,SUB_30970,2025-07-07,29.0,failed,ACH
PAY_501941,SUB_30971,2025-12-29,29.0,refunded,CREDIT_CARD
PAY_501942,SUB_30971,2026-01-30,29.0,paid,CREDIT_CARD
PAY_501943,SUB_30971,2026-03-01,29.0,paid,PAYPAL
PAY_501944,SUB_30972,2025-01-15,499.0,paid,STRIPE
PAY_501945,SUB_30972,2025-02-15,499.0,refunded,STRIPE
PAY_501946,SUB_30973,2025-01-18,499.0,refunded,CREDIT_CARD
PAY_501947,SUB_30973,2025-02-17,499.0,refunded,CREDIT_CARD
PAY_501948,SUB_30973,2025-03-20,499.0,refunded,CREDIT_CARD
PAY_501949,SUB_30974,2025-09-05,79.0,PAID,CREDIT_CARD
PAY_501950,SUB_30974,2025-10-05,79.0,paid,ACH
PAY_501951,SUB_30974,2025-11-02,79.0,refunded,STRIPE
PAY_501952,SUB_30974,2025-12-02,79.0,paid,PAYPAL
PAY_501953,SUB_30975,2025-03-22,79.0,paid,CREDIT_CARD
PAY_501954,SUB_30975,2025-04-19,79.0,failed,STRIPE
PAY_501955,SUB_30975,2025-05-20,79.0,paid,CREDIT_CARD
PAY_501956,SUB_30975,2025-06-20,79.0,PAID,STRIPE
PAY_501957,SUB_30976,2025-09-29,499.0,PAID,STRIPE
PAY_501958,SUB_30977,2025-12-08,499.0,failed,PAYPAL
PAY_501959,SUB_30977,2026-01-06,499.0,refunded,CREDIT_CARD
PAY_501960,SUB_30977,2026-02-05,499.0,paid,STRIPE
PAY_501961,SUB_30977,2026-03-07,499.0,paid,PAYPAL
PAY_501962,SUB_30978,2025-07-21,79.0,refunded,PAYPAL
PAY_501963,SUB_30978,2025-08-23,79.0,PAID,ACH
PAY_501964,SUB_30979,2025-07-11,499.0,failed,PAYPAL
PAY_501965,SUB_30980,2025-02-17,79.0,paid,CREDIT_CARD
PAY_501966,SUB_30980,2025-03-18,79.0,refunded,CREDIT_CARD
PAY_501967,SUB_30981,2025-05-10,-79.0,paid,ACH
PAY_501968,SUB_30982,2025-05-19,79.0,refunded,ACH
PAY_501969,SUB_30983,2025-12-02,29.0,refunded,ACH
PAY_501970,SUB_30983,2026-01-04,29.0,failed,PAYPAL
PAY_501971,SUB_30983,2026-02-02,29.0,failed,PAYPAL
PAY_501972,SUB_30983,2026-03-05,29.0,paid,CREDIT_CARD
PAY_501973,SUB_30984,2025-08-16,79.0,failed,ACH
PAY_501974,SUB_30984,2025-09-13,79.0,failed,CREDIT_CARD
PAY_501975,SUB_30984,2025-10-14,79.0,PAID,CREDIT_CARD
PAY_501976,SUB_30984,2025-11-13,79.0,PAID,ACH
PAY_501977,SUB_30985,2025-01-07,79.0,PAID,PAYPAL
PAY_501978,SUB_30986,2025-04-25,499.0,paid,PAYPAL
PAY_501979,SUB_30986,2025-05-26,499.0,refunded,CREDIT_CARD
PAY_501980,SUB_30986,2025-06-27,499.0,refunded,STRIPE
PAY_501981,SUB_30986,2025-07-27,499.0,PAID,STRIPE
PAY_501982,SUB_30987,2025-11-06,79.0,PAID,ACH
PAY_501983,SUB_30987,2025-12-08,79.0,refunded,ACH
PAY_501984,SUB_30987,2026-01-05,79.0,PAID,STRIPE
PAY_501985,SUB_30987,2026-02-06,79.0,refunded,ACH
PAY_501986,SUB_30988,2025-09-29,499.0,failed,STRIPE
PAY_501987,SUB_30989,2025-11-27,499.0,PAID,PAYPAL
PAY_501988,SUB_30990,2025-08-09,499.0,paid,PAYPAL
PAY_501989,SUB_30991,2025-05-29,79.0,paid,STRIPE
PAY_501990,SUB_30991,2025-06-27,79.0,PAID,STRIPE
PAY_501991,SUB_30991,2025-07-27,79.0,PAID,CREDIT_CARD
PAY_501992,SUB_30991,2025-08-29,79.0,refunded,STRIPE
PAY_501993,SUB_30992,2025-06-28,499.0,refunded,STRIPE
PAY_501994,SUB_30992,2025-07-27,499.0,refunded,ACH
PAY_501995,SUB_30992,2025-08-24,499.0,paid,PAYPAL
PAY_501996,SUB_30993,2025-08-24,29.0,PAID,ACH
PAY_501997,SUB_30993,2025-09-26,29.0,paid,ACH
PAY_501998,SUB_30994,2025-08-13,29.0,PAID,STRIPE
PAY_501999,SUB_30995,2025-01-06,499.0,paid,CREDIT_CARD
PAY_502000,SUB_30995,2025-02-06,499.0,paid,STRIPE
PAY_502001,SUB_30995,2025-03-07,499.0,failed,ACH
PAY_502002,SUB_30996,2025-01-07,79.0,paid,CREDIT_CARD
PAY_502003,SUB_30997,2025-11-01,79.0,failed,PAYPAL
PAY_502004,SUB_30997,2025-11-28,-79.0,paid,ACH
PAY_502005,SUB_30997,2025-12-31,79.0,failed,PAYPAL
PAY_502006,SUB_30998,2025-02-14,499.0,paid,STRIPE
PAY_502007,SUB_30999,2025-01-09,79.0,paid,ACH
PAY_502008,SUB_31000,2025-07-26,29.0,refunded,PAYPAL
PAY_502009,SUB_31000,2025-08-28,29.0,failed,STRIPE
PAY_502010,SUB_31000,2025-09-24,29.0,failed,PAYPAL
PAY_502011,SUB_31001,2025-10-05,79.0,failed,PAYPAL
PAY_502012,SUB_31001,2025-11-04,79.0,failed,PAYPAL
PAY_502013,SUB_31001,2025-12-04,79.0,refunded,CREDIT_CARD
PAY_502014,SUB_31002,2025-04-18,29.0,paid,PAYPAL
PAY_502015,SUB_31002,2025-05-16,29.0,failed,ACH
PAY_502016,SUB_31003,2025-12-09,79.0,PAID,ACH
PAY_502017,SUB_31004,2025-08-17,79.0,paid,ACH
PAY_502018,SUB_31004,2025-09-17,79.0,refunded,PAYPAL
PAY_502019,SUB_31005,2025-10-28,-499.0,PAID,STRIPE
PAY_502020,SUB_31005,2025-11-27,499.0,refunded,STRIPE
PAY_502021,SUB_31005,2025-12-27,499.0,paid,CREDIT_CARD
PAY_502022,SUB_31005,2026-01-26,499.0,refunded,STRIPE
PAY_502023,SUB_31006,2025-09-18,79.0,failed,ACH
PAY_502024,SUB_31007,2025-09-06,79.0,failed,ACH
PAY_502025,SUB_31008,2025-04-28,79.0,paid,CREDIT_CARD
PAY_502026,SUB_31009,2025-05-11,499.0,PAID,ACH
PAY_502027,SUB_31009,2025-06-09,499.0,paid,CREDIT_CARD
PAY_502028,SUB_31010,2025-09-04,499.0,failed,ACH
PAY_502029,SUB_31011,2025-07-17,499.0,refunded,ACH
PAY_502030,SUB_31012,2025-11-20,499.0,paid,STRIPE
PAY_502031,SUB_31012,2025-12-21,499.0,paid,CREDIT_CARD
PAY_502032,SUB_31012,2026-01-18,499.0,refunded,STRIPE
PAY_502033,SUB_31013,2025-07-14,79.0,refunded,CREDIT_CARD
PAY_502034,SUB_31014,2026-01-01,29.0,failed,CREDIT_CARD
PAY_502035,SUB_31014,2026-01-29,29.0,paid,ACH
PAY_502036,SUB_31014,2026-03-02,29.0,paid,STRIPE
PAY_502037,SUB_31015,2025-08-18,29.0,PAID,ACH
PAY_502038,SUB_31015,2025-09-17,29.0,PAID,STRIPE
PAY_502039,SUB_31015,2025-10-17,29.0,refunded,ACH
PAY_502040,SUB_31015,2025-11-18,29.0,paid,PAYPAL
PAY_502041,SUB_31016,2025-11-27,79.0,paid,ACH
PAY_502042,SUB_31017,2025-05-07,79.0,refunded,PAYPAL
PAY_502043,SUB_31018,2025-11-24,499.0,paid,PAYPAL
PAY_502044,SUB_31018,2025-12-22,499.0,failed,PAYPAL
PAY_502045,SUB_31018,2026-01-24,499.0,refunded,PAYPAL
PAY_502046,SUB_31018,2026-02-23,-499.0,paid,ACH
PAY_502047,SUB_31019,2025-08-16,29.0,paid,CREDIT_CARD
PAY_502048,SUB_31019,2025-09-14,29.0,failed,STRIPE
PAY_502049,SUB_31020,2025-11-03,79.0,refunded,CREDIT_CARD
PAY_502050,SUB_31021,2025-01-15,29.0,refunded,PAYPAL
PAY_502051,SUB_31022,2025-03-04,499.0,refunded,CREDIT_CARD
PAY_502052,SUB_31022,2025-04-03,499.0,failed,CREDIT_CARD
PAY_502053,SUB_31023,2025-09-19,499.0,paid,STRIPE
PAY_502054,SUB_31023,2025-10-18,499.0,PAID,ACH
PAY_502055,SUB_31023,2025-11-18,499.0,PAID,STRIPE
PAY_502056,SUB_31024,2025-05-10,499.0,refunded,PAYPAL
PAY_502057,SUB_31025,2025-09-29,29.0,paid,ACH
PAY_502058,SUB_31025,2025-10-27,29.0,paid,CREDIT_CARD
PAY_502059,SUB_31026,2025-10-23,499.0,paid,CREDIT_CARD
PAY_502060,SUB_31027,2025-07-26,499.0,failed,CREDIT_CARD
PAY_502061,SUB_31027,2025-08-26,499.0,failed,ACH
PAY_502062,SUB_31027,2025-09-27,499.0,failed,PAYPAL
PAY_502063,SUB_31027,2025-10-27,499.0,failed,PAYPAL
PAY_502064,SUB_31028,2025-12-07,499.0,failed,ACH
PAY_502065,SUB_31028,2026-01-06,499.0,paid,PAYPAL
PAY_502066,SUB_31028,2026-02-06,499.0,paid,PAYPAL
PAY_502067,SUB_31028,2026-03-09,499.0,refunded,PAYPAL
PAY_502068,SUB_31029,2025-08-08,29.0,refunded,CREDIT_CARD
PAY_502069,SUB_31029,2025-09-07,29.0,PAID,STRIPE
PAY_502070,SUB_31029,2025-10-04,29.0,paid,ACH
PAY_502071,SUB_31030,2025-08-02,79.0,refunded,STRIPE
PAY_502072,SUB_31030,2025-09-04,79.0,PAID,PAYPAL
PAY_502073,SUB_31030,2025-10-04,79.0,failed,STRIPE
PAY_502074,SUB_31031,2025-04-25,499.0,failed,CREDIT_CARD
PAY_502075,SUB_31031,2025-05-23,499.0,failed,ACH
PAY_502076,SUB_31032,2025-04-04,79.0,paid,PAYPAL
PAY_502077,SUB_31032,2025-05-02,79.0,refunded,CREDIT_CARD
PAY_502078,SUB_31032,2025-06-02,79.0,failed,ACH
PAY_502079,SUB_31033,2025-02-08,79.0,refunded,STRIPE
PAY_502080,SUB_31034,2025-02-17,29.0,refunded,ACH
PAY_502081,SUB_31035,2025-04-22,79.0,PAID,CREDIT_CARD
PAY_502082,SUB_31036,2025-01-05,29.0,refunded,STRIPE
PAY_502083,SUB_31037,2025-11-26,79.0,PAID,PAYPAL
PAY_502084,SUB_31037,2025-12-24,79.0,paid,STRIPE
PAY_502085,SUB_31037,2026-01-22,79.0,refunded,PAYPAL
PAY_502086,SUB_31037,2026-02-24,79.0,failed,ACH
PAY_502087,SUB_31038,2025-05-07,29.0,refunded,PAYPAL
PAY_502088,SUB_31039,2025-10-09,499.0,refunded,STRIPE
PAY_502089,SUB_31039,2025-11-07,499.0,failed,STRIPE
PAY_502090,SUB_31039,2025-12-06,499.0,failed,STRIPE
PAY_502091,SUB_31039,2026-01-04,499.0,failed,CREDIT_CARD
PAY_502092,SUB_31040,2025-06-15,499.0,PAID,STRIPE
PAY_502093,SUB_31041,2025-02-10,79.0,failed,STRIPE
PAY_502094,SUB_31041,2025-03-11,79.0,refunded,PAYPAL
PAY_502095,SUB_31042,2025-02-15,499.0,failed,CREDIT_CARD
PAY_502096,SUB_31043,2025-08-26,79.0,refunded,PAYPAL
PAY_502097,SUB_31043,2025-09-27,79.0,paid,ACH
PAY_502098,SUB_31044,2025-12-15,29.0,PAID,CREDIT_CARD
PAY_502099,SUB_31044,2026-01-11,29.0,PAID,PAYPAL
PAY_502100,SUB_31044,2026-02-10,29.0,paid,STRIPE
PAY_502101,SUB_31045,2025-06-19,79.0,refunded,ACH
PAY_502102,SUB_31045,2025-07-16,79.0,failed,STRIPE
PAY_502103,SUB_31045,2025-08-17,79.0,failed,STRIPE
PAY_502104,SUB_31046,2025-06-21,29.0,PAID,ACH
PAY_502105,SUB_31046,2025-07-19,29.0,PAID,CREDIT_CARD
PAY_502106,SUB_31046,2025-08-19,29.0,refunded,ACH
PAY_502107,SUB_31047,2025-01-26,499.0,failed,PAYPAL
PAY_502108,SUB_31048,2025-07-08,29.0,refunded,ACH
PAY_502109,SUB_31048,2025-08-08,29.0,PAID,PAYPAL
PAY_502110,SUB_31048,2025-09-07,29.0,refunded,ACH
PAY_502111,SUB_31048,2025-10-06,29.0,refunded,ACH
PAY_502112,SUB_31049,2025-12-24,79.0,refunded,ACH
PAY_502113,SUB_31050,2025-05-30,499.0,PAID,PAYPAL
PAY_502114,SUB_31051,2025-01-20,79.0,failed,ACH
PAY_502115,SUB_31052,2025-06-12,499.0,failed,PAYPAL
PAY_502116,SUB_31052,2025-07-13,499.0,PAID,CREDIT_CARD
PAY_502117,SUB_31052,2025-08-10,499.0,PAID,STRIPE
PAY_502118,SUB_31053,2025-12-25,79.0,paid,STRIPE
PAY_502119,SUB_31054,2025-01-25,499.0,failed,CREDIT_CARD
PAY_502120,SUB_31055,2025-07-23,29.0,PAID,STRIPE
PAY_502121,SUB_31055,2025-08-21,29.0,PAID,STRIPE
PAY_502122,SUB_31055,2025-09-22,29.0,refunded,CREDIT_CARD
PAY_502123,SUB_31055,2025-10-21,29.0,failed,ACH
PAY_502124,SUB_31056,2025-05-10,79.0,refunded,STRIPE
PAY_502125,SUB_31056,2025-06-09,79.0,PAID,PAYPAL
PAY_502126,SUB_31057,2025-08-10,29.0,paid,ACH
PAY_502127,SUB_31058,2025-05-12,79.0,failed,CREDIT_CARD
PAY_502128,SUB_31059,2025-01-25,79.0,PAID,PAYPAL
PAY_502129,SUB_31059,2025-02-25,79.0,paid,ACH
PAY_502130,SUB_31059,2025-03-27,79.0,paid,PAYPAL
PAY_502131,SUB_31059,2025-04-28,79.0,failed,STRIPE
PAY_502132,SUB_31060,2025-09-20,29.0,PAID,ACH
PAY_502133,SUB_31060,2025-10-20,29.0,refunded,CREDIT_CARD
PAY_502134,SUB_31060,2025-11-19,29.0,refunded,CREDIT_CARD
PAY_502135,SUB_31061,2025-08-04,79.0,paid,CREDIT_CARD
PAY_502136,SUB_31061,2025-09-03,79.0,refunded,PAYPAL
PAY_502137,SUB_31061,2025-10-04,79.0,refunded,CREDIT_CARD
PAY_502138,SUB_31061,2025-11-04,79.0,failed,STRIPE
PAY_502139,SUB_31062,2025-10-16,499.0,failed,PAYPAL
PAY_502140,SUB_31062,2025-11-12,499.0,failed,PAYPAL
PAY_502141,SUB_31062,2025-12-14,499.0,PAID,PAYPAL
PAY_502142,SUB_31062,2026-01-13,499.0,PAID,STRIPE
PAY_502143,SUB_31063,2025-09-29,499.0,PAID,STRIPE
PAY_502144,SUB_31063,2025-10-26,499.0,refunded,PAYPAL
PAY_502145,SUB_31063,2025-11-26,499.0,paid,ACH
PAY_502146,SUB_31063,2025-12-26,499.0,failed,STRIPE
PAY_502147,SUB_31064,2025-02-03,499.0,refunded,ACH
PAY_502148,SUB_31064,2025-03-08,499.0,failed,CREDIT_CARD
PAY_502149,SUB_31064,2025-04-06,499.0,PAID,STRIPE
PAY_502150,SUB_31065,2025-11-25,79.0,PAID,ACH
PAY_502151,SUB_31066,2025-09-14,499.0,failed,CREDIT_CARD
PAY_502152,SUB_31066,2025-10-14,499.0,refunded,CREDIT_CARD
PAY_502153,SUB_31066,2025-11-12,499.0,failed,ACH
PAY_502154,SUB_31067,2025-10-04,79.0,failed,STRIPE
PAY_502155,SUB_31067,2025-11-03,79.0,paid,STRIPE
PAY_502156,SUB_31067,2025-12-04,79.0,failed,STRIPE
PAY_502157,SUB_31067,2026-01-02,-79.0,failed,ACH
PAY_502158,SUB_31068,2025-12-28,499.0,refunded,CREDIT_CARD
PAY_502159,SUB_31068,2026-01-28,499.0,PAID,PAYPAL
PAY_502160,SUB_31068,2026-03-01,499.0,paid,ACH
PAY_502161,SUB_31068,2026-03-29,499.0,PAID,PAYPAL
PAY_502162,SUB_31069,2025-07-04,79.0,paid,PAYPAL
PAY_502163,SUB_31070,2025-08-13,499.0,PAID,STRIPE
PAY_502164,SUB_31070,2025-09-13,499.0,failed,ACH
PAY_502165,SUB_31070,2025-10-13,499.0,failed,CREDIT_CARD
PAY_502166,SUB_31070,2025-11-09,-499.0,failed,PAYPAL
PAY_502167,SUB_31071,2025-11-29,29.0,failed,ACH
PAY_502168,SUB_31071,2025-12-30,29.0,refunded,CREDIT_CARD
PAY_502169,SUB_31071,2026-01-28,29.0,PAID,CREDIT_CARD
PAY_502170,SUB_31071,2026-02-27,29.0,paid,ACH
PAY_502171,SUB_31072,2026-01-01,499.0,paid,PAYPAL
PAY_502172,SUB_31073,2025-02-26,79.0,refunded,ACH
PAY_502173,SUB_31074,2025-07-04,499.0,failed,STRIPE
PAY_502174,SUB_31074,2025-08-03,499.0,refunded,CREDIT_CARD
PAY_502175,SUB_31074,2025-09-03,499.0,paid,STRIPE
PAY_502176,SUB_31074,2025-10-04,499.0,PAID,STRIPE
PAY_502177,SUB_31075,2025-04-01,79.0,refunded,CREDIT_CARD
PAY_502178,SUB_31075,2025-05-01,79.0,paid,STRIPE
PAY_502179,SUB_31075,2025-06-02,79.0,refunded,CREDIT_CARD
PAY_502180,SUB_31075,2025-07-03,79.0,PAID,ACH
PAY_502181,SUB_31076,2025-03-24,79.0,failed,ACH
PAY_502182,SUB_31077,2025-12-27,79.0,refunded,CREDIT_CARD
PAY_502183,SUB_31077,2026-01-26,79.0,refunded,PAYPAL
PAY_502184,SUB_31077,2026-02-27,79.0,paid,ACH
PAY_502185,SUB_31077,2026-03-28,79.0,PAID,CREDIT_CARD
PAY_502186,SUB_31078,2025-12-17,79.0,refunded,STRIPE
PAY_502187,SUB_31078,2026-01-15,79.0,paid,STRIPE
PAY_502188,SUB_31078,2026-02-16,79.0,refunded,PAYPAL
PAY_502189,SUB_31079,2025-08-11,29.0,paid,ACH
PAY_502190,SUB_31079,2025-09-08,29.0,PAID,ACH
PAY_502191,SUB_31079,2025-10-10,29.0,paid,ACH
PAY_502192,SUB_31079,2025-11-10,29.0,PAID,CREDIT_CARD
PAY_502193,SUB_31080,2025-04-16,499.0,PAID,CREDIT_CARD
PAY_502194,SUB_31080,2025-05-17,-499.0,failed,ACH
PAY_502195,SUB_31081,2025-03-19,79.0,failed,PAYPAL
PAY_502196,SUB_31082,2025-09-01,79.0,paid,STRIPE
PAY_502197,SUB_31083,2025-10-08,499.0,refunded,CREDIT_CARD
PAY_502198,SUB_31083,2025-11-09,499.0,paid,PAYPAL
PAY_502199,SUB_31083,2025-12-07,499.0,failed,PAYPAL
PAY_502200,SUB_31084,2025-08-06,79.0,failed,CREDIT_CARD
PAY_502201,SUB_31084,2025-09-05,79.0,refunded,STRIPE
PAY_502202,SUB_31084,2025-10-04,79.0,refunded,PAYPAL
PAY_502203,SUB_31084,2025-11-04,79.0,refunded,ACH
PAY_502204,SUB_31085,2025-03-23,499.0,PAID,ACH
PAY_502205,SUB_31086,2025-08-07,499.0,refunded,ACH
PAY_502206,SUB_31087,2025-09-05,79.0,paid,CREDIT_CARD
PAY_502207,SUB_31088,2025-11-07,499.0,paid,PAYPAL
PAY_502208,SUB_31088,2025-12-09,499.0,PAID,PAYPAL
PAY_502209,SUB_31088,2026-01-06,499.0,failed,CREDIT_CARD
PAY_502210,SUB_31089,2025-06-28,79.0,PAID,CREDIT_CARD
PAY_502211,SUB_31089,2025-07-31,79.0,PAID,ACH
PAY_502212,SUB_31089,2025-08-28,79.0,refunded,PAYPAL
PAY_502213,SUB_31090,2025-06-25,79.0,paid,STRIPE
PAY_502214,SUB_31091,2025-07-13,79.0,PAID,STRIPE
PAY_502215,SUB_31091,2025-08-13,79.0,PAID,CREDIT_CARD
PAY_502216,SUB_31091,2025-09-11,79.0,refunded,PAYPAL
PAY_502217,SUB_31092,2025-04-29,499.0,failed,PAYPAL
PAY_502218,SUB_31092,2025-05-28,499.0,PAID,CREDIT_CARD
PAY_502219,SUB_31092,2025-06-25,499.0,refunded,PAYPAL
PAY_502220,SUB_31093,2025-03-12,79.0,refunded,PAYPAL
PAY_502221,SUB_31094,2025-12-05,499.0,refunded,STRIPE
PAY_502222,SUB_31094,2026-01-05,499.0,refunded,STRIPE
PAY_502223,SUB_31095,2025-08-18,499.0,paid,CREDIT_CARD
PAY_502224,SUB_31095,2025-09-14,499.0,failed,STRIPE
PAY_502225,SUB_31095,2025-10-17,499.0,refunded,CREDIT_CARD
PAY_502226,SUB_31095,2025-11-16,499.0,PAID,CREDIT_CARD
PAY_502227,SUB_31096,2025-09-25,79.0,refunded,PAYPAL
PAY_502228,SUB_31096,2025-10-25,79.0,failed,ACH
PAY_502229,SUB_31096,2025-11-25,79.0,refunded,ACH
PAY_502230,SUB_31097,2025-07-23,79.0,paid,PAYPAL
PAY_502231,SUB_31097,2025-08-19,79.0,failed,PAYPAL
PAY_502232,SUB_31098,2025-12-04,499.0,paid,ACH
PAY_502233,SUB_31098,2026-01-01,499.0,paid,ACH
PAY_502234,SUB_31098,2026-02-01,499.0,PAID,STRIPE
PAY_502235,SUB_31099,2025-11-01,29.0,PAID,PAYPAL
PAY_502236,SUB_31099,2025-12-01,29.0,paid,ACH
PAY_502237,SUB_31100,2025-03-18,499.0,paid,STRIPE
PAY_502238,SUB_31101,2025-06-09,79.0,paid,STRIPE
PAY_502239,SUB_31101,2025-07-06,79.0,paid,CREDIT_CARD
PAY_502240,SUB_31101,2025-08-07,79.0,failed,ACH
PAY_502241,SUB_31101,2025-09-07,-79.0,refunded,PAYPAL
PAY_502242,SUB_31102,2025-08-05,79.0,paid,STRIPE
PAY_502243,SUB_31102,2025-09-03,79.0,failed,PAYPAL
PAY_502244,SUB_31102,2025-10-05,79.0,failed,ACH
PAY_502245,SUB_31102,2025-11-05,79.0,refunded,ACH
PAY_502246,SUB_31103,2025-12-15,79.0,paid,PAYPAL
PAY_502247,SUB_31104,2025-07-26,79.0,PAID,ACH
PAY_502248,SUB_31105,2025-08-11,499.0,paid,ACH
PAY_502249,SUB_31105,2025-09-12,499.0,refunded,CREDIT_CARD
PAY_502250,SUB_31105,2025-10-13,499.0,refunded,PAYPAL
PAY_502251,SUB_31106,2025-08-22,79.0,PAID,ACH
PAY_502252,SUB_31106,2025-09-21,79.0,failed,STRIPE
PAY_502253,SUB_31106,2025-10-21,79.0,failed,CREDIT_CARD
PAY_502254,SUB_31107,2025-07-06,79.0,refunded,ACH
PAY_502255,SUB_31108,2025-06-18,499.0,PAID,ACH
PAY_502256,SUB_31109,2025-11-17,499.0,failed,ACH
PAY_502257,SUB_31109,2025-12-18,499.0,refunded,CREDIT_CARD
PAY_502258,SUB_31110,2025-05-31,79.0,paid,ACH
PAY_502259,SUB_31111,2025-08-06,79.0,PAID,ACH
PAY_502260,SUB_31112,2025-04-05,499.0,failed,ACH
PAY_502261,SUB_31113,2025-04-03,499.0,refunded,ACH
PAY_502262,SUB_31114,2025-02-20,79.0,failed,CREDIT_CARD
PAY_502263,SUB_31115,2025-01-26,79.0,paid,CREDIT_CARD
PAY_502264,SUB_31115,2025-02-24,79.0,failed,PAYPAL
PAY_502265,SUB_31116,2025-03-12,79.0,failed,PAYPAL
PAY_502266,SUB_31116,2025-04-11,79.0,failed,PAYPAL
PAY_502267,SUB_31116,2025-05-14,79.0,failed,STRIPE
PAY_502268,SUB_31116,2025-06-12,79.0,PAID,ACH
PAY_502269,SUB_31117,2025-04-09,79.0,failed,PAYPAL
PAY_502270,SUB_31117,2025-05-09,79.0,PAID,STRIPE
PAY_502271,SUB_31117,2025-06-10,79.0,refunded,ACH
PAY_502272,SUB_31118,2025-06-30,79.0,PAID,STRIPE
PAY_502273,SUB_31118,2025-07-29,79.0,paid,ACH
PAY_502274,SUB_31119,2025-12-23,499.0,refunded,ACH
PAY_502275,SUB_31120,2025-02-14,29.0,failed,STRIPE
PAY_502276,SUB_31121,2025-06-29,499.0,refunded,CREDIT_CARD
PAY_502277,SUB_31121,2025-07-28,499.0,PAID,PAYPAL
PAY_502278,SUB_31122,2025-02-15,499.0,refunded,CREDIT_CARD
PAY_502279,SUB_31122,2025-03-17,499.0,PAID,ACH
PAY_502280,SUB_31123,2025-12-21,29.0,failed,STRIPE
PAY_502281,SUB_31123,2026-01-20,29.0,refunded,PAYPAL
PAY_502282,SUB_31123,2026-02-21,29.0,paid,ACH
PAY_502283,SUB_31124,2025-06-15,79.0,refunded,STRIPE
PAY_502284,SUB_31124,2025-07-13,79.0,failed,PAYPAL
PAY_502285,SUB_31124,2025-08-15,79.0,refunded,PAYPAL
PAY_502286,SUB_31125,2025-06-20,79.0,failed,PAYPAL
PAY_502287,SUB_31125,2025-07-20,79.0,failed,STRIPE
PAY_502288,SUB_31125,2025-08-20,79.0,failed,STRIPE
PAY_502289,SUB_31125,2025-09-19,79.0,refunded,ACH
PAY_502290,SUB_31126,2025-06-18,79.0,refunded,STRIPE
PAY_502291,SUB_31126,2025-07-16,79.0,refunded,CREDIT_CARD
PAY_502292,SUB_31126,2025-08-17,79.0,paid,PAYPAL
PAY_502293,SUB_31126,2025-09-15,79.0,PAID,STRIPE
PAY_502294,SUB_31127,2025-05-06,499.0,refunded,ACH
PAY_502295,SUB_31128,2025-09-12,499.0,refunded,PAYPAL
PAY_502296,SUB_31129,2025-04-19,79.0,PAID,CREDIT_CARD
PAY_502297,SUB_31129,2025-05-20,79.0,failed,CREDIT_CARD
PAY_502298,SUB_31129,2025-06-19,79.0,refunded,STRIPE
PAY_502299,SUB_31129,2025-07-20,79.0,failed,PAYPAL
PAY_502300,SUB_31130,2025-08-01,79.0,failed,ACH
PAY_502301,SUB_31131,2025-07-07,499.0,refunded,STRIPE
PAY_502302,SUB_31131,2025-08-09,499.0,refunded,STRIPE
PAY_502303,SUB_31131,2025-09-08,499.0,refunded,PAYPAL
PAY_502304,SUB_31132,2025-05-20,79.0,paid,STRIPE
PAY_502305,SUB_31132,2025-06-17,79.0,PAID,PAYPAL
PAY_502306,SUB_31132,2025-07-17,79.0,refunded,CREDIT_CARD
PAY_502307,SUB_31132,2025-08-15,79.0,PAID,ACH
PAY_502308,SUB_31133,2025-11-09,79.0,PAID,CREDIT_CARD
PAY_502309,SUB_31134,2025-06-28,79.0,paid,PAYPAL
PAY_502310,SUB_31135,2025-09-29,499.0,paid,STRIPE
PAY_502311,SUB_31135,2025-10-29,499.0,PAID,STRIPE
PAY_502312,SUB_31135,2025-11-27,499.0,paid,ACH
PAY_502313,SUB_31136,2025-06-13,499.0,refunded,PAYPAL
PAY_502314,SUB_31136,2025-07-15,499.0,paid,PAYPAL
PAY_502315,SUB_31136,2025-08-14,499.0,refunded,STRIPE
PAY_502316,SUB_31137,2025-06-02,29.0,refunded,ACH
PAY_502317,SUB_31137,2025-07-02,29.0,failed,STRIPE
PAY_502318,SUB_31137,2025-08-02,29.0,paid,STRIPE
PAY_502319,SUB_31138,2025-12-01,499.0,paid,ACH
PAY_502320,SUB_31139,2025-06-25,79.0,refunded,ACH
PAY_502321,SUB_31139,2025-07-23,79.0,paid,CREDIT_CARD
PAY_502322,SUB_31139,2025-08-23,79.0,failed,STRIPE
PAY_502323,SUB_31140,2025-09-28,499.0,PAID,STRIPE
PAY_502324,SUB_31140,2025-10-29,499.0,failed,CREDIT_CARD
PAY_502325,SUB_31140,2025-11-28,499.0,paid,CREDIT_CARD
PAY_502326,SUB_31141,2025-01-13,499.0,failed,ACH
PAY_502327,SUB_31142,2025-01-13,29.0,paid,ACH
PAY_502328,SUB_31142,2025-02-12,29.0,paid,ACH
PAY_502329,SUB_31142,2025-03-15,29.0,failed,CREDIT_CARD
PAY_502330,SUB_31143,2025-01-28,499.0,refunded,CREDIT_CARD
PAY_502331,SUB_31144,2025-04-12,79.0,failed,CREDIT_CARD
PAY_502332,SUB_31145,2025-08-17,79.0,refunded,CREDIT_CARD
PAY_502333,SUB_31146,2025-06-09,79.0,PAID,ACH
PAY_502334,SUB_31146,2025-07-12,79.0,PAID,STRIPE
PAY_502335,SUB_31146,2025-08-10,79.0,paid,ACH
PAY_502336,SUB_31147,2025-06-29,499.0,refunded,PAYPAL
PAY_502337,SUB_31148,2025-07-13,79.0,paid,PAYPAL
PAY_502338,SUB_31149,2025-07-11,79.0,refunded,PAYPAL
PAY_502339,SUB_31149,2025-08-13,79.0,PAID,ACH
PAY_502340,SUB_31150,2025-02-22,79.0,PAID,ACH
PAY_502341,SUB_31150,2025-03-23,79.0,failed,CREDIT_CARD
PAY_502342,SUB_31150,2025-04-24,79.0,paid,PAYPAL
PAY_502343,SUB_31150,2025-05-24,79.0,refunded,CREDIT_CARD
PAY_502344,SUB_31151,2025-07-01,499.0,paid,ACH
PAY_502345,SUB_31151,2025-07-31,499.0,failed,CREDIT_CARD
PAY_502346,SUB_31152,2025-10-04,499.0,PAID,ACH
PAY_502347,SUB_31152,2025-11-02,499.0,paid,ACH
PAY_502348,SUB_31152,2025-12-05,499.0,refunded,CREDIT_CARD
PAY_502349,SUB_31153,2025-10-21,29.0,PAID,STRIPE
PAY_502350,SUB_31153,2025-11-19,29.0,paid,PAYPAL
PAY_502351,SUB_31153,2025-12-18,29.0,paid,PAYPAL
PAY_502352,SUB_31153,2026-01-19,29.0,PAID,PAYPAL
PAY_502353,SUB_31154,2025-04-18,29.0,PAID,PAYPAL
PAY_502354,SUB_31154,2025-05-18,29.0,paid,STRIPE
PAY_502355,SUB_31154,2025-06-16,29.0,refunded,STRIPE
PAY_502356,SUB_31155,2025-12-18,499.0,PAID,CREDIT_CARD
PAY_502357,SUB_31155,2026-01-20,499.0,paid,CREDIT_CARD
PAY_502358,SUB_31155,2026-02-19,499.0,failed,STRIPE
PAY_502359,SUB_31155,2026-03-20,499.0,paid,CREDIT_CARD
PAY_502360,SUB_31156,2025-09-17,79.0,refunded,ACH
PAY_502361,SUB_31157,2025-05-24,499.0,paid,PAYPAL
PAY_502362,SUB_31158,2025-11-29,29.0,failed,STRIPE
PAY_502363,SUB_31158,2025-12-30,29.0,paid,ACH
PAY_502364,SUB_31158,2026-01-29,29.0,failed,STRIPE
PAY_502365,SUB_31159,2025-10-05,29.0,failed,PAYPAL
PAY_502366,SUB_31160,2025-04-03,499.0,failed,STRIPE
PAY_502367,SUB_31161,2025-10-07,79.0,PAID,PAYPAL
PAY_502368,SUB_31161,2025-11-06,79.0,PAID,STRIPE
PAY_502369,SUB_31161,2025-12-06,79.0,PAID,STRIPE
PAY_502370,SUB_31161,2026-01-04,79.0,failed,ACH
PAY_502371,SUB_31162,2025-03-10,499.0,failed,ACH
PAY_502372,SUB_31163,2025-09-06,29.0,paid,CREDIT_CARD
PAY_502373,SUB_31164,2025-12-21,79.0,refunded,ACH
PAY_502374,SUB_31164,2026-01-21,79.0,PAID,ACH
PAY_502375,SUB_31164,2026-02-19,79.0,refunded,PAYPAL
PAY_502376,SUB_31164,2026-03-22,79.0,failed,CREDIT_CARD
PAY_502377,SUB_31165,2025-07-24,29.0,refunded,CREDIT_CARD
PAY_502378,SUB_31165,2025-08-21,29.0,PAID,ACH
PAY_502379,SUB_31166,2025-02-16,79.0,failed,ACH
PAY_502380,SUB_31166,2025-03-15,79.0,failed,ACH
PAY_502381,SUB_31166,2025-04-15,79.0,PAID,PAYPAL
PAY_502382,SUB_31167,2025-06-27,29.0,refunded,PAYPAL
PAY_502383,SUB_31167,2025-07-25,29.0,PAID,STRIPE
PAY_502384,SUB_31167,2025-08-27,29.0,failed,CREDIT_CARD
PAY_502385,SUB_31168,2025-08-20,499.0,refunded,PAYPAL
PAY_502386,SUB_31168,2025-09-21,499.0,refunded,STRIPE
PAY_502387,SUB_31169,2025-02-26,79.0,refunded,PAYPAL
PAY_502388,SUB_31170,2025-10-10,79.0,failed,ACH
PAY_502389,SUB_31170,2025-11-08,79.0,paid,PAYPAL
PAY_502390,SUB_31170,2025-12-08,79.0,refunded,STRIPE
PAY_502391,SUB_31170,2026-01-09,79.0,PAID,ACH
PAY_502392,SUB_31171,2025-07-12,79.0,PAID,CREDIT_CARD
PAY_502393,SUB_31171,2025-08-11,79.0,PAID,CREDIT_CARD
PAY_502394,SUB_31171,2025-09-09,79.0,failed,PAYPAL
PAY_502395,SUB_31171,2025-10-08,79.0,failed,PAYPAL
PAY_502396,SUB_31172,2025-08-06,79.0,refunded,PAYPAL
PAY_502397,SUB_31173,2025-10-03,79.0,failed,CREDIT_CARD
PAY_502398,SUB_31174,2025-12-21,79.0,paid,ACH
PAY_502399,SUB_31175,2025-05-18,499.0,paid,PAYPAL
PAY_502400,SUB_31176,2025-05-19,79.0,PAID,PAYPAL
PAY_502401,SUB_31177,2025-07-25,79.0,failed,STRIPE
PAY_502402,SUB_31177,2025-08-22,79.0,PAID,STRIPE
PAY_502403,SUB_31177,2025-09-22,79.0,PAID,CREDIT_CARD
PAY_502404,SUB_31177,2025-10-22,79.0,paid,ACH
PAY_502405,SUB_31178,2025-02-26,79.0,paid,CREDIT_CARD
PAY_502406,SUB_31179,2025-04-04,499.0,failed,ACH
PAY_502407,SUB_31180,2025-06-25,29.0,PAID,CREDIT_CARD
PAY_502408,SUB_31181,2025-10-14,79.0,PAID,ACH
PAY_502409,SUB_31181,2025-11-12,79.0,paid,CREDIT_CARD
PAY_502410,SUB_31182,2025-10-13,29.0,paid,STRIPE
PAY_502411,SUB_31183,2025-02-03,29.0,paid,STRIPE
PAY_502412,SUB_31183,2025-03-05,29.0,paid,STRIPE
PAY_502413,SUB_31183,2025-04-03,29.0,paid,CREDIT_CARD
PAY_502414,SUB_31183,2025-05-04,29.0,refunded,STRIPE
PAY_502415,SUB_31184,2025-10-02,29.0,PAID,ACH
PAY_502416,SUB_31185,2025-07-08,79.0,failed,CREDIT_CARD
PAY_502417,SUB_31186,2025-05-03,-499.0,refunded,PAYPAL
PAY_502418,SUB_31186,2025-06-01,499.0,PAID,PAYPAL
PAY_502419,SUB_31186,2025-07-02,499.0,paid,STRIPE
PAY_502420,SUB_31187,2025-03-12,499.0,refunded,PAYPAL
PAY_502421,SUB_31187,2025-04-14,499.0,paid,ACH
PAY_502422,SUB_31187,2025-05-11,499.0,refunded,PAYPAL
PAY_502423,SUB_31187,2025-06-11,499.0,refunded,PAYPAL
PAY_502424,SUB_31188,2025-06-04,499.0,PAID,PAYPAL
PAY_502425,SUB_31188,2025-07-04,499.0,PAID,CREDIT_CARD
PAY_502426,SUB_31188,2025-08-03,499.0,PAID,PAYPAL
PAY_502427,SUB_31189,2025-09-25,499.0,paid,CREDIT_CARD
PAY_502428,SUB_31189,2025-10-23,499.0,paid,STRIPE
PAY_502429,SUB_31189,2025-11-25,499.0,refunded,ACH
PAY_502430,SUB_31189,2025-12-24,499.0,failed,ACH
PAY_502431,SUB_31190,2025-05-23,79.0,refunded,STRIPE
PAY_502432,SUB_31191,2025-08-20,-79.0,PAID,PAYPAL
PAY_502433,SUB_31191,2025-09-18,79.0,paid,STRIPE
PAY_502434,SUB_31192,2025-10-23,29.0,refunded,CREDIT_CARD
PAY_502435,SUB_31192,2025-11-23,29.0,PAID,STRIPE
PAY_502436,SUB_31192,2025-12-25,29.0,refunded,ACH
PAY_502437,SUB_31192,2026-01-22,29.0,paid,PAYPAL
PAY_502438,SUB_31193,2025-11-10,79.0,refunded,CREDIT_CARD
PAY_502439,SUB_31193,2025-12-11,79.0,refunded,PAYPAL
PAY_502440,SUB_31193,2026-01-10,79.0,paid,STRIPE
PAY_502441,SUB_31193,2026-02-10,79.0,failed,STRIPE
PAY_502442,SUB_31194,2025-02-22,79.0,failed,STRIPE
PAY_502443,SUB_31195,2025-04-28,29.0,failed,STRIPE
PAY_502444,SUB_31196,2025-08-28,29.0,PAID,CREDIT_CARD
PAY_502445,SUB_31197,2025-12-12,79.0,paid,STRIPE
PAY_502446,SUB_31198,2025-12-01,79.0,PAID,CREDIT_CARD
PAY_502447,SUB_31199,2025-11-09,79.0,PAID,PAYPAL
PAY_502448,SUB_31199,2025-12-06,79.0,PAID,CREDIT_CARD
PAY_502449,SUB_31199,2026-01-07,79.0,paid,PAYPAL
PAY_502450,SUB_31200,2025-10-13,29.0,failed,ACH
PAY_502451,SUB_31201,2025-10-19,29.0,PAID,CREDIT_CARD
PAY_502452,SUB_31201,2025-11-15,29.0,PAID,PAYPAL
PAY_502453,SUB_31202,2025-08-06,79.0,PAID,PAYPAL
PAY_502454,SUB_31202,2025-09-05,79.0,PAID,ACH
PAY_502455,SUB_31203,2025-02-02,79.0,PAID,CREDIT_CARD
PAY_502456,SUB_31203,2025-03-05,79.0,paid,ACH
PAY_502457,SUB_31203,2025-04-02,79.0,refunded,PAYPAL
PAY_502458,SUB_31203,2025-05-05,79.0,refunded,PAYPAL
PAY_502459,SUB_31204,2025-09-11,29.0,refunded,STRIPE
PAY_502460,SUB_31205,2025-06-04,29.0,paid,STRIPE
PAY_502461,SUB_31205,2025-07-05,29.0,failed,ACH
PAY_502462,SUB_31206,2025-06-07,79.0,paid,ACH
PAY_502463,SUB_31206,2025-07-08,79.0,failed,PAYPAL
PAY_502464,SUB_31206,2025-08-07,79.0,refunded,PAYPAL
PAY_502465,SUB_31207,2025-09-05,499.0,PAID,CREDIT_CARD
PAY_502466,SUB_31207,2025-10-03,499.0,paid,PAYPAL
PAY_502467,SUB_31208,2025-04-05,499.0,paid,STRIPE
PAY_502468,SUB_31208,2025-05-04,499.0,paid,STRIPE
PAY_502469,SUB_31209,2025-07-12,79.0,PAID,STRIPE
PAY_502470,SUB_31210,2025-01-08,79.0,PAID,STRIPE
PAY_502471,SUB_31210,2025-02-06,79.0,paid,ACH
PAY_502472,SUB_31210,2025-03-10,79.0,paid,CREDIT_CARD
PAY_502473,SUB_31211,2025-05-01,79.0,refunded,PAYPAL
PAY_502474,SUB_31211,2025-05-31,79.0,paid,PAYPAL
PAY_502475,SUB_31212,2025-02-20,29.0,paid,CREDIT_CARD
PAY_502476,SUB_31212,2025-03-20,29.0,paid,ACH
PAY_502477,SUB_31212,2025-04-21,29.0,paid,CREDIT_CARD
PAY_502478,SUB_31212,2025-05-21,29.0,failed,STRIPE
PAY_502479,SUB_31213,2025-09-06,79.0,failed,PAYPAL
PAY_502480,SUB_31213,2025-10-08,79.0,paid,CREDIT_CARD
PAY_502481,SUB_31214,2025-12-04,79.0,PAID,ACH
PAY_502482,SUB_31214,2026-01-01,79.0,failed,STRIPE
PAY_502483,SUB_31215,2025-06-07,499.0,refunded,ACH
PAY_502484,SUB_31215,2025-07-10,499.0,PAID,CREDIT_CARD
PAY_502485,SUB_31216,2025-10-23,499.0,refunded,CREDIT_CARD
PAY_502486,SUB_31217,2025-10-26,29.0,PAID,ACH
PAY_502487,SUB_31218,2025-12-26,79.0,failed,PAYPAL
PAY_502488,SUB_31218,2026-01-23,79.0,paid,CREDIT_CARD
PAY_502489,SUB_31218,2026-02-24,79.0,paid,STRIPE
PAY_502490,SUB_31219,2025-11-18,79.0,paid,ACH
PAY_502491,SUB_31220,2025-11-23,79.0,refunded,CREDIT_CARD
PAY_502492,SUB_31221,2025-11-29,499.0,failed,ACH
PAY_502493,SUB_31222,2025-11-20,79.0,paid,PAYPAL
PAY_502494,SUB_31222,2025-12-20,79.0,refunded,PAYPAL
PAY_502495,SUB_31222,2026-01-19,-79.0,paid,CREDIT_CARD
PAY_502496,SUB_31222,2026-02-21,79.0,paid,ACH
PAY_502497,SUB_31223,2025-03-11,29.0,failed,STRIPE
PAY_502498,SUB_31223,2025-04-10,29.0,failed,STRIPE
PAY_502499,SUB_31223,2025-05-11,29.0,failed,STRIPE
PAY_502500,SUB_31224,2025-09-21,499.0,failed,PAYPAL
PAY_502501,SUB_31224,2025-10-24,499.0,refunded,STRIPE
PAY_502502,SUB_31225,2025-05-15,79.0,refunded,STRIPE
PAY_502503,SUB_31226,2025-03-01,29.0,refunded,ACH
PAY_502504,SUB_31227,2025-08-08,29.0,refunded,STRIPE
PAY_502505,SUB_31227,2025-09-07,29.0,PAID,PAYPAL
PAY_502506,SUB_31227,2025-10-08,29.0,refunded,PAYPAL
PAY_502507,SUB_31227,2025-11-04,29.0,paid,ACH
PAY_502508,SUB_31228,2025-06-26,79.0,failed,STRIPE
PAY_502509,SUB_31229,2025-10-22,79.0,refunded,PAYPAL
PAY_502510,SUB_31229,2025-11-22,79.0,PAID,STRIPE
PAY_502511,SUB_31229,2025-12-22,79.0,failed,CREDIT_CARD
PAY_502512,SUB_31230,2025-03-22,79.0,failed,ACH
PAY_502513,SUB_31231,2025-02-07,79.0,failed,ACH
PAY_502514,SUB_31231,2025-03-08,79.0,paid,CREDIT_CARD
PAY_502515,SUB_31231,2025-04-09,79.0,paid,CREDIT_CARD
PAY_502516,SUB_31232,2025-11-13,499.0,PAID,STRIPE
PAY_502517,SUB_31232,2025-12-13,499.0,paid,PAYPAL
PAY_502518,SUB_31232,2026-01-14,499.0,failed,PAYPAL
PAY_502519,SUB_31232,2026-02-13,499.0,refunded,CREDIT_CARD
PAY_502520,SUB_31233,2025-03-04,79.0,PAID,ACH
PAY_502521,SUB_31233,2025-04-02,79.0,refunded,CREDIT_CARD
PAY_502522,SUB_31233,2025-05-02,79.0,failed,CREDIT_CARD
PAY_502523,SUB_31233,2025-05-31,79.0,PAID,STRIPE
PAY_502524,SUB_31234,2025-09-02,79.0,refunded,ACH
PAY_502525,SUB_31235,2025-09-18,29.0,paid,CREDIT_CARD
PAY_502526,SUB_31236,2025-09-18,79.0,PAID,PAYPAL
PAY_502527,SUB_31236,2025-10-21,79.0,refunded,ACH
PAY_502528,SUB_31237,2025-12-24,499.0,refunded,PAYPAL
PAY_502529,SUB_31237,2026-01-23,499.0,PAID,ACH
PAY_502530,SUB_31237,2026-02-22,499.0,paid,CREDIT_CARD
PAY_502531,SUB_31237,2026-03-21,499.0,paid,CREDIT_CARD
PAY_502532,SUB_31238,2025-12-10,79.0,paid,PAYPAL
PAY_502533,SUB_31238,2026-01-11,79.0,failed,STRIPE
PAY_502534,SUB_31238,2026-02-08,79.0,PAID,STRIPE
PAY_502535,SUB_31238,2026-03-09,79.0,paid,STRIPE
PAY_502536,SUB_31239,2025-12-07,79.0,paid,CREDIT_CARD
PAY_502537,SUB_31239,2026-01-08,79.0,paid,CREDIT_CARD
PAY_502538,SUB_31239,2026-02-07,79.0,refunded,PAYPAL
PAY_502539,SUB_31239,2026-03-06,79.0,PAID,ACH
PAY_502540,SUB_31240,2025-03-11,79.0,PAID,STRIPE
PAY_502541,SUB_31240,2025-04-09,79.0,paid,CREDIT_CARD
PAY_502542,SUB_31240,2025-05-09,-79.0,refunded,STRIPE
PAY_502543,SUB_31240,2025-06-08,79.0,failed,ACH
PAY_502544,SUB_31241,2025-02-08,499.0,refunded,PAYPAL
PAY_502545,SUB_31242,2025-11-20,499.0,paid,CREDIT_CARD
PAY_502546,SUB_31242,2025-12-20,499.0,failed,STRIPE
PAY_502547,SUB_31242,2026-01-18,499.0,PAID,CREDIT_CARD
PAY_502548,SUB_31242,2026-02-17,499.0,refunded,PAYPAL
PAY_502549,SUB_31243,2025-01-08,499.0,failed,CREDIT_CARD
PAY_502550,SUB_31244,2025-09-03,79.0,PAID,STRIPE
PAY_502551,SUB_31245,2025-01-08,499.0,PAID,STRIPE
PAY_502552,SUB_31245,2025-02-05,499.0,PAID,ACH
PAY_502553,SUB_31245,2025-03-07,499.0,PAID,STRIPE
PAY_502554,SUB_31245,2025-04-07,499.0,paid,CREDIT_CARD
PAY_502555,SUB_31246,2025-04-22,29.0,PAID,ACH
PAY_502556,SUB_31246,2025-05-20,29.0,PAID,PAYPAL
PAY_502557,SUB_31246,2025-06-20,29.0,PAID,STRIPE
PAY_502558,SUB_31247,2025-11-30,499.0,paid,STRIPE
PAY_502559,SUB_31247,2025-12-29,499.0,failed,CREDIT_CARD
PAY_502560,SUB_31248,2025-03-07,79.0,failed,CREDIT_CARD
PAY_502561,SUB_31248,2025-04-08,79.0,PAID,CREDIT_CARD
PAY_502562,SUB_31249,2025-03-10,499.0,failed,CREDIT_CARD
PAY_502563,SUB_31249,2025-04-11,499.0,PAID,PAYPAL
PAY_502564,SUB_31249,2025-05-11,499.0,PAID,PAYPAL
PAY_502565,SUB_31250,2025-07-28,79.0,failed,PAYPAL
PAY_502566,SUB_31251,2025-10-28,-29.0,refunded,STRIPE
PAY_502567,SUB_31252,2025-10-05,79.0,refunded,PAYPAL
PAY_502568,SUB_31252,2025-11-04,79.0,failed,ACH
PAY_502569,SUB_31252,2025-12-04,79.0,failed,STRIPE
PAY_502570,SUB_31252,2026-01-04,79.0,failed,STRIPE
PAY_502571,SUB_31253,2025-08-23,79.0,PAID,ACH
PAY_502572,SUB_31254,2025-09-11,79.0,paid,ACH
PAY_502573,SUB_31255,2025-06-05,79.0,failed,STRIPE
PAY_502574,SUB_31256,2025-08-08,79.0,PAID,STRIPE
PAY_502575,SUB_31257,2025-08-08,29.0,paid,PAYPAL
PAY_502576,SUB_31258,2025-09-18,79.0,failed,ACH
PAY_502577,SUB_31259,2025-02-06,79.0,refunded,PAYPAL
PAY_502578,SUB_31260,2025-09-16,79.0,paid,STRIPE
PAY_502579,SUB_31261,2025-03-11,79.0,refunded,PAYPAL
PAY_502580,SUB_31261,2025-04-07,79.0,failed,STRIPE
PAY_502581,SUB_31261,2025-05-08,79.0,refunded,ACH
PAY_502582,SUB_31262,2025-07-21,29.0,paid,ACH
PAY_502583,SUB_31263,2025-05-01,79.0,PAID,STRIPE
PAY_502584,SUB_31264,2025-01-29,29.0,PAID,STRIPE
PAY_502585,SUB_31264,2025-02-27,29.0,paid,CREDIT_CARD
PAY_502586,SUB_31264,2025-03-31,29.0,PAID,PAYPAL
PAY_502587,SUB_31265,2025-07-20,79.0,paid,STRIPE
PAY_502588,SUB_31266,2025-04-28,79.0,refunded,PAYPAL
PAY_502589,SUB_31266,2025-05-28,79.0,PAID,CREDIT_CARD
PAY_502590,SUB_31266,2025-06-27,79.0,PAID,STRIPE
PAY_502591,SUB_31266,2025-07-27,79.0,PAID,PAYPAL
PAY_502592,SUB_31267,2025-12-11,79.0,refunded,PAYPAL
PAY_502593,SUB_31268,2025-08-25,79.0,PAID,ACH
PAY_502594,SUB_31268,2025-09-24,79.0,refunded,STRIPE
PAY_502595,SUB_31268,2025-10-27,79.0,refunded,ACH
PAY_502596,SUB_31269,2025-03-08,29.0,paid,PAYPAL
PAY_502597,SUB_31269,2025-04-09,29.0,paid,CREDIT_CARD
PAY_502598,SUB_31270,2025-09-21,79.0,paid,ACH
PAY_502599,SUB_31270,2025-10-20,79.0,refunded,STRIPE
PAY_502600,SUB_31270,2025-11-18,79.0,failed,CREDIT_CARD
PAY_502601,SUB_31271,2025-03-08,79.0,refunded,ACH
PAY_502602,SUB_31271,2025-04-07,79.0,refunded,PAYPAL
PAY_502603,SUB_31271,2025-05-07,79.0,refunded,PAYPAL
PAY_502604,SUB_31271,2025-06-06,79.0,failed,ACH
PAY_502605,SUB_31272,2025-08-07,29.0,refunded,STRIPE
PAY_502606,SUB_31273,2025-04-26,79.0,paid,ACH
PAY_502607,SUB_31274,2025-02-03,29.0,paid,PAYPAL
PAY_502608,SUB_31275,2025-12-26,499.0,failed,STRIPE
PAY_502609,SUB_31276,2025-04-28,79.0,failed,CREDIT_CARD
PAY_502610,SUB_31277,2025-12-24,79.0,failed,ACH
PAY_502611,SUB_31277,2026-01-23,79.0,PAID,PAYPAL
PAY_502612,SUB_31277,2026-02-23,79.0,paid,PAYPAL
PAY_502613,SUB_31278,2025-04-01,79.0,paid,STRIPE
PAY_502614,SUB_31279,2025-10-23,29.0,PAID,CREDIT_CARD
PAY_502615,SUB_31280,2025-09-19,79.0,refunded,STRIPE
PAY_502616,SUB_31280,2025-10-20,79.0,PAID,PAYPAL
PAY_502617,SUB_31280,2025-11-19,79.0,paid,STRIPE
PAY_502618,SUB_31281,2025-08-15,79.0,refunded,CREDIT_CARD
PAY_502619,SUB_31282,2025-04-13,499.0,PAID,ACH
PAY_502620,SUB_31282,2025-05-12,-499.0,paid,PAYPAL
PAY_502621,SUB_31283,2025-11-16,499.0,refunded,STRIPE
PAY_502622,SUB_31284,2025-09-29,29.0,failed,CREDIT_CARD
PAY_502623,SUB_31284,2025-10-27,29.0,failed,CREDIT_CARD
PAY_502624,SUB_31284,2025-11-28,29.0,PAID,PAYPAL
PAY_502625,SUB_31284,2025-12-26,29.0,failed,PAYPAL
PAY_502626,SUB_31285,2025-04-18,79.0,refunded,CREDIT_CARD
PAY_502627,SUB_31285,2025-05-18,79.0,paid,ACH
PAY_502628,SUB_31285,2025-06-17,79.0,failed,CREDIT_CARD
PAY_502629,SUB_31285,2025-07-15,79.0,paid,PAYPAL
PAY_502630,SUB_31286,2025-12-08,79.0,paid,STRIPE
PAY_502631,SUB_31287,2025-08-31,79.0,refunded,PAYPAL
PAY_502632,SUB_31287,2025-09-30,79.0,failed,CREDIT_CARD
PAY_502633,SUB_31288,2025-07-30,79.0,failed,ACH
PAY_502634,SUB_31289,2025-06-29,29.0,failed,PAYPAL
PAY_502635,SUB_31289,2025-07-26,29.0,PAID,CREDIT_CARD
PAY_502636,SUB_31289,2025-08-26,29.0,failed,STRIPE
PAY_502637,SUB_31289,2025-09-24,29.0,PAID,PAYPAL
PAY_502638,SUB_31290,2025-06-21,79.0,PAID,CREDIT_CARD
PAY_502639,SUB_31290,2025-07-24,79.0,PAID,CREDIT_CARD
PAY_502640,SUB_31291,2025-03-25,79.0,refunded,ACH
PAY_502641,SUB_31292,2025-09-04,79.0,paid,STRIPE
PAY_502642,SUB_31293,2025-10-29,29.0,failed,PAYPAL
PAY_502643,SUB_31293,2025-11-27,29.0,refunded,ACH
PAY_502644,SUB_31294,2025-09-17,29.0,refunded,STRIPE
PAY_502645,SUB_31294,2025-10-18,29.0,failed,CREDIT_CARD
PAY_502646,SUB_31295,2025-07-20,79.0,refunded,CREDIT_CARD
PAY_502647,SUB_31295,2025-08-20,79.0,PAID,ACH
PAY_502648,SUB_31295,2025-09-17,79.0,failed,PAYPAL
PAY_502649,SUB_31295,2025-10-16,79.0,refunded,CREDIT_CARD
PAY_502650,SUB_31296,2025-12-02,29.0,failed,ACH
PAY_502651,SUB_31296,2026-01-01,29.0,failed,ACH
PAY_502652,SUB_31296,2026-01-28,29.0,refunded,ACH
PAY_502653,SUB_31297,2025-01-30,29.0,PAID,PAYPAL
PAY_502654,SUB_31298,2025-09-18,79.0,PAID,STRIPE
PAY_502655,SUB_31299,2025-04-07,29.0,failed,CREDIT_CARD
PAY_502656,SUB_31299,2025-05-07,29.0,refunded,PAYPAL
PAY_502657,SUB_31299,2025-06-05,29.0,refunded,CREDIT_CARD
PAY_502658,SUB_31299,2025-07-07,29.0,failed,STRIPE
PAY_502659,SUB_31300,2025-07-29,499.0,failed,STRIPE
PAY_502660,SUB_31300,2025-08-27,499.0,PAID,STRIPE
PAY_502661,SUB_31300,2025-09-27,499.0,refunded,ACH
PAY_502662,SUB_31300,2025-10-26,499.0,paid,ACH
PAY_502663,SUB_31301,2025-09-29,79.0,refunded,CREDIT_CARD
PAY_502664,SUB_31301,2025-11-01,79.0,PAID,ACH
PAY_502665,SUB_31301,2025-11-29,79.0,failed,STRIPE
PAY_502666,SUB_31302,2025-02-21,499.0,PAID,STRIPE
PAY_502667,SUB_31302,2025-03-24,499.0,refunded,ACH
PAY_502668,SUB_31302,2025-04-21,499.0,PAID,ACH
PAY_502669,SUB_31302,2025-05-21,499.0,paid,PAYPAL
PAY_502670,SUB_31303,2025-09-07,499.0,paid,STRIPE
PAY_502671,SUB_31304,2025-10-12,499.0,failed,PAYPAL
PAY_502672,SUB_31304,2025-11-12,-499.0,refunded,CREDIT_CARD
PAY_502673,SUB_31304,2025-12-12,499.0,PAID,PAYPAL
PAY_502674,SUB_31304,2026-01-11,499.0,failed,CREDIT_CARD
PAY_502675,SUB_31305,2025-05-06,29.0,failed,CREDIT_CARD
PAY_502676,SUB_31305,2025-06-03,29.0,refunded,PAYPAL
PAY_502677,SUB_31305,2025-07-04,29.0,PAID,CREDIT_CARD
PAY_502678,SUB_31305,2025-08-02,29.0,paid,CREDIT_CARD
PAY_502679,SUB_31306,2025-07-06,29.0,paid,PAYPAL
PAY_502680,SUB_31307,2025-05-04,499.0,refunded,STRIPE
PAY_502681,SUB_31307,2025-06-04,499.0,paid,STRIPE
PAY_502682,SUB_31307,2025-07-01,499.0,refunded,PAYPAL
PAY_502683,SUB_31307,2025-08-03,499.0,paid,STRIPE
PAY_502684,SUB_31308,2025-03-22,79.0,PAID,ACH
PAY_502685,SUB_31308,2025-04-20,79.0,PAID,PAYPAL
PAY_502686,SUB_31309,2025-04-12,79.0,PAID,STRIPE
PAY_502687,SUB_31309,2025-05-12,79.0,failed,PAYPAL
PAY_502688,SUB_31310,2025-05-15,79.0,PAID,PAYPAL
PAY_502689,SUB_31311,2025-10-02,79.0,paid,CREDIT_CARD
PAY_502690,SUB_31312,2025-11-10,79.0,PAID,STRIPE
PAY_502691,SUB_31313,2025-07-17,29.0,paid,CREDIT_CARD
PAY_502692,SUB_31313,2025-08-16,29.0,failed,STRIPE
PAY_502693,SUB_31313,2025-09-15,-29.0,refunded,CREDIT_CARD
PAY_502694,SUB_31313,2025-10-15,29.0,PAID,PAYPAL
PAY_502695,SUB_31314,2025-01-31,79.0,PAID,ACH
PAY_502696,SUB_31314,2025-03-05,79.0,failed,CREDIT_CARD
PAY_502697,SUB_31314,2025-04-01,79.0,failed,ACH
PAY_502698,SUB_31314,2025-05-04,79.0,PAID,CREDIT_CARD
PAY_502699,SUB_31315,2025-10-05,29.0,refunded,CREDIT_CARD
PAY_502700,SUB_31316,2025-08-12,79.0,PAID,STRIPE
PAY_502701,SUB_31316,2025-09-10,79.0,refunded,STRIPE
PAY_502702,SUB_31316,2025-10-09,79.0,PAID,ACH
PAY_502703,SUB_31316,2025-11-09,79.0,failed,PAYPAL
PAY_502704,SUB_31317,2025-12-29,499.0,paid,CREDIT_CARD
PAY_502705,SUB_31318,2025-11-03,79.0,paid,PAYPAL
PAY_502706,SUB_31318,2025-12-04,79.0,PAID,STRIPE
PAY_502707,SUB_31318,2026-01-04,79.0,failed,PAYPAL
PAY_502708,SUB_31318,2026-02-01,79.0,failed,CREDIT_CARD
PAY_502709,SUB_31319,2025-02-05,79.0,refunded,CREDIT_CARD
PAY_502710,SUB_31320,2025-12-29,79.0,refunded,STRIPE
PAY_502711,SUB_31321,2025-05-15,29.0,paid,STRIPE
PAY_502712,SUB_31322,2025-10-17,79.0,paid,CREDIT_CARD
PAY_502713,SUB_31323,2025-04-19,29.0,paid,ACH
PAY_502714,SUB_31323,2025-05-17,29.0,PAID,ACH
PAY_502715,SUB_31323,2025-06-16,29.0,failed,CREDIT_CARD
PAY_502716,SUB_31324,2025-02-20,79.0,paid,CREDIT_CARD
PAY_502717,SUB_31324,2025-03-22,79.0,PAID,PAYPAL
PAY_502718,SUB_31324,2025-04-23,79.0,failed,CREDIT_CARD
PAY_502719,SUB_31325,2025-01-16,29.0,PAID,ACH
PAY_502720,SUB_31325,2025-02-15,29.0,PAID,STRIPE
PAY_502721,SUB_31325,2025-03-18,29.0,paid,PAYPAL
PAY_502722,SUB_31326,2025-06-16,29.0,failed,CREDIT_CARD
PAY_502723,SUB_31327,2025-11-18,79.0,paid,CREDIT_CARD
PAY_502724,SUB_31327,2025-12-19,79.0,refunded,STRIPE
PAY_502725,SUB_31328,2025-03-25,79.0,PAID,ACH
PAY_502726,SUB_31328,2025-04-22,79.0,paid,STRIPE
PAY_502727,SUB_31328,2025-05-21,79.0,failed,STRIPE
PAY_502728,SUB_31329,2025-01-17,499.0,refunded,ACH
PAY_502729,SUB_31329,2025-02-17,499.0,failed,STRIPE
PAY_502730,SUB_31329,2025-03-16,499.0,failed,PAYPAL
PAY_502731,SUB_31329,2025-04-18,499.0,failed,STRIPE
PAY_502732,SUB_31330,2025-05-10,499.0,paid,STRIPE
PAY_502733,SUB_31331,2025-06-04,79.0,refunded,ACH
PAY_502734,SUB_31332,2025-08-25,499.0,failed,ACH
PAY_502735,SUB_31332,2025-09-24,499.0,failed,ACH
PAY_502736,SUB_31332,2025-10-23,499.0,refunded,CREDIT_CARD
PAY_502737,SUB_31333,2025-12-07,29.0,PAID,PAYPAL
PAY_502738,SUB_31333,2026-01-06,29.0,refunded,PAYPAL
PAY_502739,SUB_31333,2026-02-03,29.0,refunded,PAYPAL
PAY_502740,SUB_31333,2026-03-04,29.0,paid,ACH
PAY_502741,SUB_31334,2025-12-23,79.0,PAID,CREDIT_CARD
PAY_502742,SUB_31334,2026-01-19,79.0,failed,ACH
PAY_502743,SUB_31334,2026-02-20,79.0,failed,ACH
PAY_502744,SUB_31335,2025-10-22,79.0,PAID,STRIPE
PAY_502745,SUB_31336,2025-10-10,29.0,PAID,CREDIT_CARD
PAY_502746,SUB_31337,2025-04-30,29.0,paid,PAYPAL
PAY_502747,SUB_31338,2025-04-25,-499.0,refunded,PAYPAL
PAY_502748,SUB_31338,2025-05-23,499.0,failed,ACH
PAY_502749,SUB_31338,2025-06-21,499.0,paid,ACH
PAY_502750,SUB_31338,2025-07-21,499.0,refunded,ACH
PAY_502751,SUB_31339,2025-03-23,79.0,failed,CREDIT_CARD
PAY_502752,SUB_31339,2025-04-23,79.0,failed,CREDIT_CARD
PAY_502753,SUB_31339,2025-05-23,79.0,refunded,STRIPE
PAY_502754,SUB_31340,2025-01-11,79.0,paid,PAYPAL
PAY_502755,SUB_31341,2025-10-18,79.0,PAID,ACH
PAY_502756,SUB_31341,2025-11-17,79.0,failed,STRIPE
PAY_502757,SUB_31342,2025-11-26,79.0,PAID,STRIPE
PAY_502758,SUB_31343,2025-04-26,79.0,refunded,PAYPAL
PAY_502759,SUB_31344,2025-08-08,29.0,paid,PAYPAL
PAY_502760,SUB_31344,2025-09-05,29.0,failed,CREDIT_CARD
PAY_502761,SUB_31344,2025-10-05,29.0,paid,ACH
PAY_502762,SUB_31345,2025-03-30,79.0,PAID,ACH
PAY_502763,SUB_31346,2025-04-10,79.0,refunded,CREDIT_CARD
PAY_502764,SUB_31347,2025-02-22,79.0,PAID,ACH
PAY_502765,SUB_31347,2025-03-25,79.0,refunded,STRIPE
PAY_502766,SUB_31347,2025-04-25,79.0,PAID,STRIPE
PAY_502767,SUB_31347,2025-05-24,79.0,PAID,PAYPAL
PAY_502768,SUB_31348,2025-07-22,499.0,refunded,CREDIT_CARD
PAY_502769,SUB_31348,2025-08-18,499.0,failed,PAYPAL
PAY_502770,SUB_31349,2025-11-06,29.0,PAID,CREDIT_CARD
PAY_502771,SUB_31350,2025-07-17,79.0,failed,CREDIT_CARD
PAY_502772,SUB_31351,2025-04-17,29.0,paid,CREDIT_CARD
PAY_502773,SUB_31352,2025-03-29,499.0,failed,CREDIT_CARD
PAY_502774,SUB_31353,2025-04-28,79.0,paid,STRIPE
PAY_502775,SUB_31354,2025-12-04,79.0,PAID,PAYPAL
PAY_502776,SUB_31354,2026-01-03,79.0,paid,ACH
PAY_502777,SUB_31354,2026-01-31,79.0,refunded,CREDIT_CARD
PAY_502778,SUB_31354,2026-03-02,79.0,paid,ACH
PAY_502779,SUB_31355,2025-09-16,79.0,failed,CREDIT_CARD
PAY_502780,SUB_31356,2025-12-31,499.0,paid,ACH
PAY_502781,SUB_31357,2025-04-28,29.0,PAID,STRIPE
PAY_502782,SUB_31357,2025-05-27,29.0,paid,STRIPE
PAY_502783,SUB_31357,2025-06-27,29.0,paid,CREDIT_CARD
PAY_502784,SUB_31358,2025-05-18,29.0,refunded,CREDIT_CARD
PAY_502785,SUB_31359,2025-10-30,79.0,paid,ACH
PAY_502786,SUB_31359,2025-12-01,79.0,failed,ACH
PAY_502787,SUB_31359,2025-12-28,79.0,paid,STRIPE
PAY_502788,SUB_31359,2026-01-29,79.0,refunded,ACH
PAY_502789,SUB_31360,2025-05-22,79.0,failed,CREDIT_CARD
PAY_502790,SUB_31361,2025-12-07,29.0,paid,PAYPAL
PAY_502791,SUB_31361,2026-01-07,29.0,paid,CREDIT_CARD
PAY_502792,SUB_31361,2026-02-04,29.0,failed,STRIPE
PAY_502793,SUB_31362,2025-05-06,499.0,refunded,PAYPAL
PAY_502794,SUB_31363,2025-01-23,79.0,PAID,PAYPAL
PAY_502795,SUB_31364,2025-11-11,29.0,refunded,CREDIT_CARD
PAY_502796,SUB_31364,2025-12-11,29.0,failed,CREDIT_CARD
PAY_502797,SUB_31364,2026-01-09,29.0,paid,ACH
PAY_502798,SUB_31365,2025-05-12,29.0,failed,STRIPE
PAY_502799,SUB_31365,2025-06-11,29.0,failed,ACH
PAY_502800,SUB_31366,2025-02-07,79.0,refunded,CREDIT_CARD
PAY_502801,SUB_31366,2025-03-08,79.0,paid,CREDIT_CARD
PAY_502802,SUB_31367,2025-12-12,29.0,paid,STRIPE
PAY_502803,SUB_31367,2026-01-11,29.0,paid,PAYPAL
PAY_502804,SUB_31367,2026-02-09,29.0,failed,PAYPAL
PAY_502805,SUB_31367,2026-03-11,29.0,paid,ACH
PAY_502806,SUB_31368,2025-12-25,29.0,paid,PAYPAL
PAY_502807,SUB_31368,2026-01-24,29.0,refunded,PAYPAL
PAY_502808,SUB_31368,2026-02-21,29.0,refunded,PAYPAL
PAY_502809,SUB_31368,2026-03-26,29.0,PAID,PAYPAL
PAY_502810,SUB_31369,2025-01-06,29.0,refunded,ACH
PAY_502811,SUB_31370,2025-11-06,29.0,refunded,PAYPAL
PAY_502812,SUB_31371,2025-06-23,29.0,PAID,ACH
PAY_502813,SUB_31371,2025-07-23,29.0,refunded,PAYPAL
PAY_502814,SUB_31371,2025-08-22,29.0,paid,ACH
PAY_502815,SUB_31371,2025-09-20,29.0,refunded,PAYPAL
PAY_502816,SUB_31372,2025-06-09,79.0,refunded,PAYPAL
PAY_502817,SUB_31373,2025-04-06,29.0,refunded,ACH
PAY_502818,SUB_31374,2025-01-10,29.0,paid,ACH
PAY_502819,SUB_31375,2025-03-31,29.0,failed,STRIPE
PAY_502820,SUB_31375,2025-05-02,29.0,refunded,PAYPAL
PAY_502821,SUB_31375,2025-06-01,29.0,PAID,CREDIT_CARD
PAY_502822,SUB_31375,2025-06-30,29.0,refunded,STRIPE
PAY_502823,SUB_31376,2025-08-25,79.0,PAID,STRIPE
PAY_502824,SUB_31376,2025-09-24,79.0,refunded,CREDIT_CARD
PAY_502825,SUB_31376,2025-10-22,79.0,PAID,CREDIT_CARD
PAY_502826,SUB_31377,2025-07-30,79.0,paid,STRIPE
PAY_502827,SUB_31377,2025-08-30,79.0,paid,CREDIT_CARD
PAY_502828,SUB_31378,2025-02-23,79.0,paid,STRIPE
PAY_502829,SUB_31378,2025-03-26,79.0,refunded,ACH
PAY_502830,SUB_31378,2025-04-24,79.0,PAID,PAYPAL
PAY_502831,SUB_31379,2025-12-21,29.0,PAID,STRIPE
PAY_502832,SUB_31380,2025-11-23,499.0,failed,CREDIT_CARD
PAY_502833,SUB_31380,2025-12-23,499.0,PAID,CREDIT_CARD
PAY_502834,SUB_31380,2026-01-24,499.0,PAID,CREDIT_CARD
PAY_502835,SUB_31381,2025-05-17,499.0,refunded,PAYPAL
PAY_502836,SUB_31381,2025-06-18,499.0,PAID,STRIPE
PAY_502837,SUB_31382,2025-07-26,79.0,refunded,CREDIT_CARD
PAY_502838,SUB_31383,2025-02-24,499.0,PAID,ACH
PAY_502839,SUB_31384,2025-09-26,499.0,PAID,CREDIT_CARD
PAY_502840,SUB_31385,2025-01-12,29.0,refunded,PAYPAL
PAY_502841,SUB_31385,2025-02-10,29.0,failed,ACH
PAY_502842,SUB_31385,2025-03-12,29.0,refunded,PAYPAL
PAY_502843,SUB_31385,2025-04-10,29.0,refunded,ACH
PAY_502844,SUB_31386,2025-08-17,79.0,paid,PAYPAL
PAY_502845,SUB_31386,2025-09-19,79.0,refunded,PAYPAL
PAY_502846,SUB_31387,2025-02-23,29.0,failed,STRIPE
PAY_502847,SUB_31388,2025-03-24,-79.0,failed,PAYPAL
PAY_502848,SUB_31388,2025-04-24,79.0,paid,CREDIT_CARD
PAY_502849,SUB_31388,2025-05-25,79.0,paid,CREDIT_CARD
PAY_502850,SUB_31388,2025-06-23,79.0,PAID,ACH
PAY_502851,SUB_31389,2025-10-21,499.0,paid,ACH
PAY_502852,SUB_31389,2025-11-23,499.0,paid,CREDIT_CARD
PAY_502853,SUB_31389,2025-12-22,499.0,paid,PAYPAL
PAY_502854,SUB_31390,2025-12-20,499.0,paid,STRIPE
PAY_502855,SUB_31390,2026-01-20,499.0,failed,STRIPE
PAY_502856,SUB_31390,2026-02-20,499.0,failed,PAYPAL
PAY_502857,SUB_31391,2025-05-03,29.0,PAID,ACH
PAY_502858,SUB_31392,2025-11-25,79.0,PAID,ACH
PAY_502859,SUB_31392,2025-12-25,79.0,PAID,ACH
PAY_502860,SUB_31392,2026-01-24,79.0,paid,STRIPE
PAY_502861,SUB_31392,2026-02-24,79.0,paid,STRIPE
PAY_502862,SUB_31393,2025-06-14,499.0,paid,STRIPE
PAY_502863,SUB_31394,2025-12-12,79.0,paid,STRIPE
PAY_502864,SUB_31395,2025-12-08,-499.0,paid,CREDIT_CARD
PAY_502865,SUB_31395,2026-01-09,499.0,paid,PAYPAL
PAY_502866,SUB_31395,2026-02-09,499.0,PAID,STRIPE
PAY_502867,SUB_31396,2025-08-05,79.0,refunded,STRIPE
PAY_502868,SUB_31396,2025-09-05,79.0,refunded,STRIPE
PAY_502869,SUB_31397,2025-08-16,79.0,paid,PAYPAL
PAY_502870,SUB_31397,2025-09-13,79.0,refunded,PAYPAL
PAY_502871,SUB_31397,2025-10-12,79.0,paid,CREDIT_CARD
PAY_502872,SUB_31397,2025-11-13,79.0,paid,CREDIT_CARD
PAY_502873,SUB_31398,2025-01-10,79.0,failed,ACH
PAY_502874,SUB_31399,2025-09-10,499.0,PAID,STRIPE
PAY_502875,SUB_31400,2025-06-12,29.0,paid,STRIPE
PAY_502876,SUB_31401,2025-01-06,29.0,paid,PAYPAL
PAY_502877,SUB_31402,2025-02-11,79.0,paid,ACH
PAY_502878,SUB_31403,2025-08-13,499.0,PAID,STRIPE
PAY_502879,SUB_31404,2025-11-18,499.0,paid,ACH
PAY_502880,SUB_31405,2025-01-18,29.0,PAID,ACH
PAY_502881,SUB_31405,2025-02-17,29.0,PAID,STRIPE
PAY_502882,SUB_31405,2025-03-18,29.0,refunded,PAYPAL
PAY_502883,SUB_31405,2025-04-18,29.0,paid,PAYPAL
PAY_502884,SUB_31406,2025-06-01,29.0,failed,PAYPAL
PAY_502885,SUB_31407,2025-08-25,79.0,PAID,CREDIT_CARD
PAY_502886,SUB_31407,2025-09-24,79.0,paid,STRIPE
PAY_502887,SUB_31407,2025-10-25,79.0,paid,ACH
PAY_502888,SUB_31408,2025-04-07,29.0,PAID,PAYPAL
PAY_502889,SUB_31408,2025-05-08,29.0,failed,STRIPE
PAY_502890,SUB_31409,2025-06-15,29.0,refunded,ACH
PAY_502891,SUB_31410,2025-10-18,79.0,PAID,ACH
PAY_502892,SUB_31410,2025-11-16,79.0,refunded,PAYPAL
PAY_502893,SUB_31410,2025-12-18,79.0,paid,ACH
PAY_502894,SUB_31411,2025-12-08,29.0,PAID,STRIPE
PAY_502895,SUB_31412,2025-02-27,499.0,failed,PAYPAL
PAY_502896,SUB_31413,2025-10-27,499.0,paid,CREDIT_CARD
PAY_502897,SUB_31414,2025-05-09,-79.0,refunded,STRIPE
PAY_502898,SUB_31415,2025-12-20,499.0,refunded,STRIPE
PAY_502899,SUB_31415,2026-01-19,499.0,PAID,STRIPE
PAY_502900,SUB_31416,2025-05-07,499.0,paid,PAYPAL
PAY_502901,SUB_31417,2025-12-31,79.0,paid,CREDIT_CARD
PAY_502902,SUB_31417,2026-01-29,79.0,failed,STRIPE
PAY_502903,SUB_31417,2026-02-28,79.0,failed,PAYPAL
PAY_502904,SUB_31418,2025-11-22,79.0,failed,STRIPE
PAY_502905,SUB_31419,2025-07-20,79.0,refunded,ACH
PAY_502906,SUB_31419,2025-08-19,79.0,PAID,PAYPAL
PAY_502907,SUB_31419,2025-09-17,79.0,refunded,ACH
PAY_502908,SUB_31419,2025-10-20,79.0,paid,PAYPAL
PAY_502909,SUB_31420,2025-08-26,499.0,paid,CREDIT_CARD
PAY_502910,SUB_31420,2025-09-23,499.0,PAID,ACH
PAY_502911,SUB_31421,2025-02-11,499.0,paid,CREDIT_CARD
PAY_502912,SUB_31421,2025-03-13,499.0,PAID,ACH
PAY_502913,SUB_31422,2025-12-01,499.0,paid,STRIPE
PAY_502914,SUB_31423,2025-03-27,29.0,refunded,STRIPE
PAY_502915,SUB_31424,2025-01-15,499.0,paid,PAYPAL
PAY_502916,SUB_31425,2025-10-28,499.0,paid,STRIPE
PAY_502917,SUB_31426,2025-03-03,79.0,PAID,PAYPAL
PAY_502918,SUB_31427,2025-01-09,499.0,refunded,STRIPE
PAY_502919,SUB_31427,2025-02-08,499.0,paid,CREDIT_CARD
PAY_502920,SUB_31427,2025-03-12,499.0,PAID,PAYPAL
PAY_502921,SUB_31428,2025-05-20,29.0,PAID,ACH
PAY_502922,SUB_31428,2025-06-18,29.0,refunded,ACH
PAY_502923,SUB_31428,2025-07-19,29.0,refunded,STRIPE
PAY_502924,SUB_31428,2025-08-19,29.0,paid,STRIPE
PAY_502925,SUB_31429,2025-08-07,499.0,failed,ACH
PAY_502926,SUB_31429,2025-09-04,499.0,refunded,ACH
PAY_502927,SUB_31429,2025-10-06,499.0,refunded,CREDIT_CARD
PAY_502928,SUB_31430,2025-08-14,79.0,paid,STRIPE
PAY_502929,SUB_31430,2025-09-16,79.0,refunded,STRIPE
PAY_502930,SUB_31430,2025-10-14,79.0,PAID,ACH
PAY_502931,SUB_31430,2025-11-15,79.0,PAID,ACH
PAY_502932,SUB_31431,2025-06-21,79.0,refunded,CREDIT_CARD
PAY_502933,SUB_31431,2025-07-24,79.0,failed,ACH
PAY_502934,SUB_31431,2025-08-22,79.0,PAID,STRIPE
PAY_502935,SUB_31432,2025-01-07,29.0,PAID,CREDIT_CARD
PAY_502936,SUB_31433,2025-05-08,79.0,refunded,ACH
PAY_502937,SUB_31433,2025-06-09,79.0,paid,CREDIT_CARD
PAY_502938,SUB_31434,2025-01-09,499.0,PAID,ACH
PAY_502939,SUB_31434,2025-02-09,499.0,paid,PAYPAL
PAY_502940,SUB_31434,2025-03-08,499.0,failed,STRIPE
PAY_502941,SUB_31434,2025-04-07,499.0,failed,ACH
PAY_502942,SUB_31435,2025-08-18,79.0,PAID,STRIPE
PAY_502943,SUB_31435,2025-09-17,79.0,failed,ACH
PAY_502944,SUB_31435,2025-10-16,79.0,paid,PAYPAL
PAY_502945,SUB_31436,2025-04-16,79.0,refunded,ACH
PAY_502946,SUB_31437,2025-01-17,79.0,paid,STRIPE
PAY_502947,SUB_31438,2025-10-29,79.0,refunded,ACH
PAY_502948,SUB_31439,2025-12-15,499.0,paid,STRIPE
PAY_502949,SUB_31439,2026-01-15,499.0,refunded,PAYPAL
PAY_502950,SUB_31439,2026-02-13,499.0,paid,PAYPAL
PAY_502951,SUB_31440,2025-08-18,79.0,refunded,CREDIT_CARD
PAY_502952,SUB_31440,2025-09-15,79.0,paid,ACH
PAY_502953,SUB_31440,2025-10-18,79.0,paid,STRIPE
PAY_502954,SUB_31441,2025-10-08,29.0,refunded,ACH
PAY_502955,SUB_31442,2025-05-08,499.0,paid,STRIPE
PAY_502956,SUB_31443,2025-12-05,499.0,failed,PAYPAL
PAY_502957,SUB_31444,2025-01-22,-499.0,paid,PAYPAL
PAY_502958,SUB_31445,2025-03-06,79.0,PAID,CREDIT_CARD
PAY_502959,SUB_31445,2025-04-05,79.0,refunded,STRIPE
PAY_502960,SUB_31446,2025-05-13,499.0,refunded,STRIPE
PAY_502961,SUB_31447,2025-10-24,499.0,refunded,CREDIT_CARD
PAY_502962,SUB_31448,2025-02-23,29.0,paid,PAYPAL
PAY_502963,SUB_31448,2025-03-28,29.0,PAID,CREDIT_CARD
PAY_502964,SUB_31448,2025-04-25,29.0,failed,ACH
PAY_502965,SUB_31449,2025-08-09,499.0,PAID,PAYPAL
PAY_502966,SUB_31450,2025-09-30,29.0,refunded,ACH
PAY_502967,SUB_31451,2025-10-20,499.0,failed,ACH
PAY_502968,SUB_31452,2025-07-24,79.0,paid,STRIPE
PAY_502969,SUB_31452,2025-08-22,79.0,failed,ACH
PAY_502970,SUB_31453,2025-06-03,79.0,failed,ACH
PAY_502971,SUB_31454,2025-06-08,499.0,PAID,CREDIT_CARD
PAY_502972,SUB_31454,2025-07-05,499.0,refunded,CREDIT_CARD
PAY_502973,SUB_31454,2025-08-07,499.0,failed,PAYPAL
PAY_502974,SUB_31454,2025-09-03,499.0,refunded,STRIPE
PAY_502975,SUB_31455,2025-08-14,79.0,paid,PAYPAL
PAY_502976,SUB_31456,2025-10-11,79.0,PAID,STRIPE
PAY_502977,SUB_31456,2025-11-09,79.0,paid,PAYPAL
PAY_502978,SUB_31457,2025-05-09,499.0,refunded,STRIPE
PAY_502979,SUB_31458,2025-02-26,79.0,PAID,CREDIT_CARD
PAY_502980,SUB_31458,2025-03-28,79.0,PAID,ACH
PAY_502981,SUB_31458,2025-04-26,79.0,PAID,ACH
PAY_502982,SUB_31459,2025-02-02,29.0,paid,PAYPAL
PAY_502983,SUB_31460,2025-06-28,499.0,paid,CREDIT_CARD
PAY_502984,SUB_31460,2025-07-28,499.0,failed,PAYPAL
PAY_502985,SUB_31460,2025-08-27,499.0,refunded,CREDIT_CARD
PAY_502986,SUB_31461,2025-08-27,499.0,paid,PAYPAL
PAY_502987,SUB_31461,2025-09-27,499.0,refunded,ACH
PAY_502988,SUB_31461,2025-10-29,499.0,paid,ACH
PAY_502989,SUB_31461,2025-11-27,499.0,refunded,PAYPAL
PAY_502990,SUB_31462,2025-04-29,79.0,refunded,CREDIT_CARD
PAY_502991,SUB_31463,2025-03-04,79.0,failed,CREDIT_CARD
PAY_502992,SUB_31463,2025-04-04,79.0,paid,ACH
PAY_502993,SUB_31464,2025-01-14,79.0,refunded,STRIPE
PAY_502994,SUB_31464,2025-02-13,79.0,PAID,STRIPE
PAY_502995,SUB_31464,2025-03-14,79.0,failed,PAYPAL
PAY_502996,SUB_31465,2025-10-30,79.0,refunded,PAYPAL
PAY_502997,SUB_31465,2025-11-27,79.0,PAID,ACH
PAY_502998,SUB_31465,2025-12-29,79.0,paid,PAYPAL
PAY_502999,SUB_31465,2026-01-25,79.0,failed,CREDIT_CARD
PAY_503000,SUB_31466,2025-10-14,29.0,refunded,PAYPAL
PAY_503001,SUB_31466,2025-11-13,29.0,refunded,CREDIT_CARD
PAY_503002,SUB_31467,2025-02-22,499.0,refunded,ACH
PAY_503003,SUB_31468,2025-10-21,499.0,paid,PAYPAL
PAY_503004,SUB_31469,2025-03-08,499.0,failed,STRIPE
PAY_503005,SUB_31469,2025-04-06,499.0,paid,PAYPAL
PAY_503006,SUB_31469,2025-05-08,499.0,refunded,ACH
PAY_503007,SUB_31469,2025-06-05,499.0,PAID,ACH
PAY_503008,SUB_31470,2025-11-17,79.0,PAID,CREDIT_CARD
PAY_503009,SUB_31470,2025-12-18,79.0,refunded,STRIPE
PAY_503010,SUB_31471,2025-01-09,499.0,refunded,STRIPE
PAY_503011,SUB_31472,2025-11-10,29.0,refunded,CREDIT_CARD
PAY_503012,SUB_31472,2025-12-10,29.0,paid,PAYPAL
PAY_503013,SUB_31472,2026-01-09,29.0,paid,PAYPAL
PAY_503014,SUB_31473,2025-08-09,79.0,paid,PAYPAL
PAY_503015,SUB_31473,2025-09-10,79.0,failed,PAYPAL
PAY_503016,SUB_31474,2025-04-09,29.0,failed,CREDIT_CARD
PAY_503017,SUB_31475,2025-07-04,29.0,failed,CREDIT_CARD
PAY_503018,SUB_31476,2025-03-01,499.0,PAID,CREDIT_CARD
PAY_503019,SUB_31477,2025-03-15,79.0,refunded,PAYPAL
PAY_503020,SUB_31477,2025-04-17,79.0,refunded,ACH
PAY_503021,SUB_31478,2025-03-29,79.0,PAID,PAYPAL
PAY_503022,SUB_31479,2025-10-24,79.0,refunded,CREDIT_CARD
PAY_503023,SUB_31480,2025-12-26,29.0,refunded,CREDIT_CARD
PAY_503024,SUB_31480,2026-01-27,29.0,paid,CREDIT_CARD
PAY_503025,SUB_31480,2026-02-24,29.0,failed,PAYPAL
PAY_503026,SUB_31480,2026-03-26,29.0,PAID,ACH
PAY_503027,SUB_31481,2025-12-02,29.0,paid,CREDIT_CARD
PAY_503028,SUB_31481,2025-12-30,29.0,paid,STRIPE
PAY_503029,SUB_31481,2026-01-28,29.0,refunded,STRIPE
PAY_503030,SUB_31481,2026-03-02,29.0,failed,PAYPAL
PAY_503031,SUB_31482,2025-06-15,79.0,refunded,PAYPAL
PAY_503032,SUB_31482,2025-07-13,79.0,failed,ACH
PAY_503033,SUB_31483,2025-05-02,499.0,PAID,CREDIT_CARD
PAY_503034,SUB_31483,2025-06-01,499.0,PAID,ACH
PAY_503035,SUB_31483,2025-06-28,499.0,paid,PAYPAL
PAY_503036,SUB_31483,2025-07-28,499.0,PAID,CREDIT_CARD
PAY_503037,SUB_31484,2025-11-18,29.0,failed,STRIPE
PAY_503038,SUB_31485,2025-01-10,79.0,PAID,CREDIT_CARD
PAY_503039,SUB_31486,2025-08-09,499.0,PAID,STRIPE
PAY_503040,SUB_31487,2025-08-11,29.0,paid,STRIPE
PAY_503041,SUB_31488,2025-05-12,499.0,refunded,PAYPAL
PAY_503042,SUB_31488,2025-06-11,499.0,paid,STRIPE
PAY_503043,SUB_31488,2025-07-11,499.0,paid,ACH
PAY_503044,SUB_31488,2025-08-10,499.0,PAID,ACH
PAY_503045,SUB_31489,2025-02-09,499.0,failed,CREDIT_CARD
PAY_503046,SUB_31489,2025-03-11,499.0,failed,ACH
PAY_503047,SUB_31489,2025-04-07,499.0,failed,PAYPAL
PAY_503048,SUB_31489,2025-05-10,499.0,failed,CREDIT_CARD
PAY_503049,SUB_31490,2025-10-18,29.0,failed,CREDIT_CARD
PAY_503050,SUB_31491,2025-06-06,79.0,refunded,CREDIT_CARD
PAY_503051,SUB_31492,2025-05-29,29.0,paid,PAYPAL
PAY_503052,SUB_31492,2025-06-29,29.0,paid,PAYPAL
PAY_503053,SUB_31492,2025-07-27,29.0,refunded,CREDIT_CARD
PAY_503054,SUB_31492,2025-08-27,29.0,refunded,STRIPE
PAY_503055,SUB_31493,2025-05-06,79.0,refunded,ACH
PAY_503056,SUB_31494,2025-01-25,79.0,failed,PAYPAL
PAY_503057,SUB_31495,2025-09-30,79.0,failed,CREDIT_CARD
PAY_503058,SUB_31496,2025-07-21,499.0,paid,STRIPE
PAY_503059,SUB_31496,2025-08-22,499.0,failed,CREDIT_CARD
PAY_503060,SUB_31496,2025-09-18,499.0,PAID,CREDIT_CARD
PAY_503061,SUB_31497,2025-03-27,29.0,refunded,STRIPE
PAY_503062,SUB_31498,2025-01-16,79.0,failed,STRIPE
PAY_503063,SUB_31499,2025-02-11,499.0,refunded,ACH
